


INSERT INTO `customers` (`id`, `name`, `image`, `created_at`, `updated_at`) VALUES
(1, 'Hisham Ahmed', NULL, '2017-03-20 17:01:17', '2017-03-20 17:01:17'),
(2, 'Hisham Ahmed', NULL, '2017-03-20 17:30:07', '2017-03-20 17:30:07'),
(3, 'Hisham Ahmed', NULL, '2017-03-20 17:31:43', '2017-03-20 17:31:43'),
(4, 'Hisham Ahmed', NULL, '2017-03-20 17:33:40', '2017-03-20 17:33:40'),
(5, 'Hisham Ahmed', NULL, '2017-03-20 17:35:16', '2017-03-20 17:35:16'),
(6, 'Hisham Ahmed', NULL, '2017-03-20 17:36:41', '2017-03-20 17:36:41'),
(7, 'Hisham Ahmed', NULL, '2017-03-20 17:37:15', '2017-03-20 17:37:15'),
(8, 'Hisham Ahmed', NULL, '2017-03-20 17:53:02', '2017-03-20 17:53:02'),
(9, 'Hisham Ahmed', NULL, '2017-03-20 17:57:01', '2017-03-20 17:57:01'),
(10, 'Hisham Ahmed', NULL, '2017-03-20 18:01:15', '2017-03-20 18:01:15'),
(11, 'Hisham Ahmed', NULL, '2017-03-20 18:04:36', '2017-03-20 18:04:36'),
(12, 'Hisham Ahmed', NULL, '2017-03-20 18:21:06', '2017-03-20 18:21:06'),
(13, 'Hisham Ahmed', NULL, '2017-03-20 18:24:42', '2017-03-20 18:24:42'),
(14, 'Hisham Ahmed', NULL, '2017-03-20 18:26:10', '2017-03-20 18:26:10'),
(15, 'Hisham Ahmed', NULL, '2017-03-20 18:33:13', '2017-03-20 18:33:13'),
(16, 'Hisham Ahmed', NULL, '2017-03-20 18:33:37', '2017-03-20 18:33:37'),
(17, 'Hisham Ahmed', NULL, '2017-03-20 18:41:10', '2017-03-20 18:41:10'),
(18, 'Hisham Ahmed', NULL, '2017-03-20 18:41:55', '2017-03-20 18:41:55'),
(19, 'Hisham Ahmed', NULL, '2017-03-20 18:47:17', '2017-03-20 18:47:17'),
(20, 'Hisham Ahmed', NULL, '2017-03-20 18:55:57', '2017-03-20 18:55:57'),
(21, 'Hisham Ahmed', NULL, '2017-03-20 18:56:22', '2017-03-20 18:56:22'),
(22, 'Hisham Ahmed', NULL, '2017-03-20 20:26:02', '2017-03-20 20:26:02'),
(23, 'Hisham Ahmed', NULL, '2017-03-20 20:26:28', '2017-03-20 20:26:28'),
(24, 'Hisham Ahmed', NULL, '2017-03-21 17:13:06', '2017-03-21 17:13:06'),
(25, 'Hisham Ahmed', NULL, '2017-03-21 17:15:46', '2017-03-21 17:15:46'),
(26, 'Hisham Ahmed', NULL, '2017-03-21 17:17:08', '2017-03-21 17:17:08'),
(27, 'Hisham Ahmed', NULL, '2017-03-21 17:21:25', '2017-03-21 17:21:25'),
(28, 'Hisham Ahmed', NULL, '2017-03-21 17:23:07', '2017-03-21 17:23:07'),
(29, 'Hisham Ahmed', NULL, '2017-03-21 17:26:26', '2017-03-21 17:26:26'),
(30, 'Hisham Ahmed', NULL, '2017-03-21 17:27:37', '2017-03-21 17:27:37'),
(31, 'Hisham Ahmed', NULL, '2017-03-21 17:30:35', '2017-03-21 17:30:35'),
(32, 'Hisham Ahmed', NULL, '2017-03-21 17:30:45', '2017-03-21 17:30:45'),
(33, 'Hisham Ahmed', NULL, '2017-03-21 17:34:08', '2017-03-21 17:34:08'),
(34, 'Hisham Ahmed', NULL, '2017-03-21 17:36:44', '2017-03-21 17:36:44'),
(35, 'Hisham Ahmed', NULL, '2017-03-21 17:37:34', '2017-03-21 17:37:34'),
(36, 'Hisham Ahmed', NULL, '2017-03-21 17:41:34', '2017-03-21 17:41:34'),
(37, 'Hisham Ahmed', NULL, '2017-03-21 18:21:13', '2017-03-21 18:21:13'),
(38, 'Hisham Ahmed', NULL, '2017-03-21 18:47:40', '2017-03-21 18:47:40'),
(39, 'Hisham Ahmed', NULL, '2017-03-21 18:49:01', '2017-03-21 18:49:01'),
(40, 'Hisham Ahmed', NULL, '2017-03-21 18:51:26', '2017-03-21 18:51:26'),
(41, 'Hisham Ahmed', NULL, '2017-03-22 18:19:21', '2017-03-22 18:19:21'),
(42, 'Hisham Ahmed', NULL, '2017-03-22 18:21:28', '2017-03-22 18:21:28'),
(43, 'Hisham Ahmed', NULL, '2017-03-22 18:31:21', '2017-03-22 18:31:21'),
(44, 'Hisham Ahmed', NULL, '2017-03-22 20:11:32', '2017-03-22 20:11:32'),
(45, 'Hisham Ahmed', NULL, '2017-03-22 20:16:11', '2017-03-22 20:16:11'),
(46, 'Hisham Ahmed', NULL, '2017-03-28 17:00:46', '2017-03-28 17:00:46'),
(47, 'Hisham Ahmed', NULL, '2017-04-09 14:42:33', '2017-04-09 14:42:33'),
(48, 'Hisham Ahmed', NULL, '2017-04-09 14:44:26', '2017-04-09 14:44:26'),
(49, 'Hisham Ahmed', NULL, '2017-04-09 14:46:58', '2017-04-09 14:46:58'),
(50, 'Hisham Ahmed', NULL, '2017-04-09 16:17:28', '2017-04-09 16:17:28'),
(51, 'Mohmed Ahmed', NULL, '2017-04-10 16:34:15', '2017-04-10 16:34:15'),
(52, 'Mohmed Ahmed', NULL, '2017-04-10 16:39:10', '2017-04-10 16:39:10'),
(53, 'Mohmed Ahmed', NULL, '2017-04-10 16:49:07', '2017-04-10 16:49:07'),
(54, 'Mohmed Ahmed', NULL, '2017-04-10 16:54:50', '2017-04-10 16:54:50'),
(55, 'Mohmed Ahmed', NULL, '2017-04-10 17:02:41', '2017-04-10 17:02:41'),
(56, 'Mohmed Ahmed', NULL, '2017-04-10 17:04:24', '2017-04-10 17:04:24'),
(57, 'Mohmed Ahmed', NULL, '2017-04-10 17:12:56', '2017-04-10 17:12:56'),
(58, 'Mohmed Ahmed', NULL, '2017-04-10 18:14:51', '2017-04-10 18:14:51'),
(59, 'Mohmed Ahmed', NULL, '2017-04-10 19:11:48', '2017-04-10 19:11:48'),
(60, 'Mohmed Ahmed', NULL, '2017-04-10 19:44:41', '2017-04-10 19:44:41'),
(61, 'لسللس لسلس', NULL, '2017-04-10 19:53:25', '2017-04-10 19:53:25');





INSERT INTO `drivers` (`id`, `name`, `dev_id`, `driver_licence_no`, `image`, `created_at`, `updated_at`) VALUES
(1, 'محمد عبد الختلق', NULL, NULL, NULL, '2017-03-22 20:22:50', '2017-03-22 20:22:50'),
(2, 'محمد عبد الختلق', NULL, NULL, NULL, '2017-03-23 16:47:36', '2017-03-23 16:47:36'),
(3, 'محمد عبد الختلق', NULL, NULL, NULL, '2017-03-23 16:56:42', '2017-03-23 16:56:42'),
(4, 'محمد عبد الختلق', NULL, NULL, NULL, '2017-03-26 18:24:09', '2017-03-26 18:24:09'),
(5, 'محمد عبد الختلق', NULL, NULL, NULL, '2017-04-07 12:58:31', '2017-04-07 12:58:31'),
(6, 'محمد عبد الختلق', NULL, NULL, NULL, '2017-04-09 14:56:59', '2017-04-09 14:56:59'),
(7, 'محمد عبد الختلق', NULL, NULL, NULL, '2017-04-09 15:37:57', '2017-04-09 15:37:57'),
(8, 'محمد عبد الختلق', NULL, NULL, NULL, '2017-04-09 15:48:57', '2017-04-09 15:48:57'),
(9, 'محمد عبد الختلق', NULL, NULL, NULL, '2017-04-09 15:58:18', '2017-04-09 15:58:18'),
(10, 'محمد عبد الختلق', NULL, NULL, NULL, '2017-04-09 17:42:43', '2017-04-09 17:42:43'),
(11, 'محمد عبد الختلق', NULL, NULL, NULL, '2017-04-10 18:18:19', '2017-04-10 18:18:19');




INSERT INTO `oauth_access_tokens` (`id`, `user_id`, `client_id`, `name`, `scopes`, `revoked`, `created_at`, `updated_at`, `expires_at`) VALUES
('01bdf4783d2cf19a8422f8d352ed58f62cfbeb5cc43d9f48bb6eb99bb8f247c1c3d10716cd52d855', 8, 2, NULL, '[]', 0, '2017-04-09 14:44:27', '2017-04-09 14:44:27', '2018-04-09 17:44:27'),
('01e8b96265d2eaf347b98b7c23950e7a63cb0dd33a034ed10de39ed60f41ca49bafb6407fea8ec58', 46, 2, NULL, '[]', 0, '2017-04-09 15:37:57', '2017-04-09 15:37:57', '2018-04-09 18:37:57'),
('085d8315ddced7921204e56e64a74bef178bcc8c106749cc4bfc75ca39b8c3056ab65bcf8d5a5f1a', 8, 2, NULL, '[]', 0, '2017-03-21 17:36:44', '2017-03-21 17:36:44', '2018-03-21 20:36:44'),
('0999cf967a652f3840a14002036273f52f3febde47600288bc7ffc9aaaaf0b6e64abcbfca01190ec', 61, 2, NULL, '[]', 0, '2017-04-10 16:49:07', '2017-04-10 16:49:07', '2018-04-10 19:49:07'),
('101d4c222a87456c58a6db42383b74113ff93e75c7a86ceaf4ba39fca52bb4ee2f9f217b6d6cdc0d', 46, 2, NULL, '[]', 0, '2017-03-22 20:22:50', '2017-03-22 20:22:50', '2018-03-22 23:22:50'),
('1033f15d13ddf1b3418e7cf19f04f37c37e1b30a46db4fcebe52ffc3b3af019fb53c3ec62943d927', 8, 2, NULL, '[]', 0, '2017-03-21 18:21:13', '2017-03-21 18:21:13', '2018-03-21 21:21:13'),
('141c51777aa9f4c46f0352b73b7bc01bc6335688b560ac5396446c16cc6b8ec4521ca3333dbf9699', 8, 2, NULL, '[]', 0, '2017-03-21 17:15:46', '2017-03-21 17:15:46', '2018-03-21 20:15:46'),
('166d69867ae5b8e0c35e61f6ec791120ffd2aabac6ce4ec4dcd157fda8fb95adb6b0bbc13054cbe9', 61, 2, NULL, '[]', 0, '2017-04-10 16:34:16', '2017-04-10 16:34:16', '2018-04-10 19:34:16'),
('16bdf51a4d75f20d29ef54e0f8809314d739342a13ae7c79e3277dbe7d2a33ffcc3abe5b1ae52360', 46, 2, NULL, '[]', 0, '2017-03-23 16:47:36', '2017-03-23 16:47:36', '2018-03-23 19:47:36'),
('1befc0649a9262e113e3ce5676a6ad1511b8ca18ced188f3474c464564bae3efb75b3fdc91ed8f7b', 8, 2, NULL, '[]', 0, '2017-03-20 18:33:14', '2017-03-20 18:33:14', '2018-03-20 21:33:14'),
('2f975de2d94d0456b1bf78bd4fe46c153d1bb48f37d141b0dbecdce7c721e9a3cb093911f68ef6bf', 46, 2, NULL, '[]', 0, '2017-03-26 18:24:09', '2017-03-26 18:24:09', '2018-03-26 21:24:09'),
('35902e01bfa09373e304f5503cdf7bb372148d5724386711055e25763a52f237ecb8e958a4bce605', 46, 2, NULL, '[]', 0, '2017-04-09 15:48:58', '2017-04-09 15:48:58', '2018-04-09 18:48:58'),
('41d93d686472d05fc0f5eba232559864e6857ef02af17ece7b6c9fbed05fa014abd0d2ed9b934c79', 8, 2, NULL, '[]', 0, '2017-03-20 18:21:06', '2017-03-20 18:21:06', '2018-03-20 21:21:06'),
('42cec636e0d4f402b706ee5f97eca41c6b2f282f2da82ca0cf856a2de694252b62f05bfaeae7aede', 8, 2, NULL, '[]', 0, '2017-04-09 16:17:28', '2017-04-09 16:17:28', '2018-04-09 19:17:28'),
('4aa9f4ea9b579c4c194be367fcb58a31be81b20ac6e410d1673024e3e203e19948b218ca69601dd3', 61, 2, NULL, '[]', 0, '2017-04-10 19:44:42', '2017-04-10 19:44:42', '2018-04-10 22:44:42'),
('4cfdfbe6514fc142e0a0ffe5799f0f6fc48a82c28e87cc3b802dd6e184ab526fee4813a7131025b3', 8, 2, NULL, '[]', 0, '2017-03-21 17:21:25', '2017-03-21 17:21:25', '2018-03-21 20:21:25'),
('4e7795797f9d4ba607e5fb70aef545227338d7e0e3f6b3228a49fe98a39f14e67341632eaf326037', 8, 2, NULL, '[]', 0, '2017-03-21 17:30:45', '2017-03-21 17:30:45', '2018-03-21 20:30:45'),
('4e7a7efe44b9bd7eac51eb65621f3f5e99ea77402687660b7f9361c19b550c728d40d238c7de0830', 61, 2, NULL, '[]', 0, '2017-04-10 19:11:48', '2017-04-10 19:11:48', '2018-04-10 22:11:48'),
('501a7fddacfc353648385befaf646f6d0c17f3559745f74aeed81a79ee6f9d9b95de50f33fffec5b', 46, 2, NULL, '[]', 0, '2017-04-09 14:56:59', '2017-04-09 14:56:59', '2018-04-09 17:56:59'),
('630e1af7bde6f6ec1dfd25653bf71c6fcb745ee3bd32160bfeccbcabfb850bd71f6123020388b56e', 8, 2, NULL, '[]', 0, '2017-03-20 20:26:03', '2017-03-20 20:26:03', '2018-03-20 23:26:03'),
('666e7157a6784f473845f3f2a8b5d7fdf7bc1897f95ee5a7e9defa77d3f85401d274a8d467a98cde', 8, 2, NULL, '[]', 0, '2017-03-20 18:33:37', '2017-03-20 18:33:37', '2018-03-20 21:33:37'),
('6a42e36113b1f251d60f8fe3a6c327d8f36c83a7d3c63301073dad2bb16d941672853425e9b1732e', 8, 2, NULL, '[]', 0, '2017-03-21 17:27:37', '2017-03-21 17:27:37', '2018-03-21 20:27:37'),
('77d63e9285ea31fa8d560177a624006e67846dd65a31eaf4bd85f6237a06d7bf70b45259cfe69600', 46, 2, NULL, '[]', 0, '2017-04-09 17:42:43', '2017-04-09 17:42:43', '2018-04-09 20:42:43'),
('77d927eb530b86cb3b8416a7e9ca78b6c544922ba5972ceb5a84ad124b06c646fc93cfe1393cc2db', 61, 2, NULL, '[]', 0, '2017-04-10 17:02:41', '2017-04-10 17:02:41', '2018-04-10 20:02:41'),
('7b17ac0954c4482a50f4cdac9b5e1b2e420a5e3644cd4f1634901a3b7c35c2e3b0ab2d31bedcfacc', 8, 2, NULL, '[]', 0, '2017-03-21 17:34:08', '2017-03-21 17:34:08', '2018-03-21 20:34:08'),
('853ed91f9e6fc6d56838a5f0080a183233678c497d4365d227d311d7e731ae4a76550d5293a724ff', 8, 2, NULL, '[]', 0, '2017-04-09 14:42:34', '2017-04-09 14:42:34', '2018-04-09 17:42:34'),
('8851124dc2f57150729a9138a92c76b70852151eb0efa5fe81c10fc36ddf56ef8f9abea098a0bc2d', 8, 2, NULL, '[]', 0, '2017-03-21 17:37:34', '2017-03-21 17:37:34', '2018-03-21 20:37:34'),
('88fced301ae7b8be005db59d3e0be01ac3a104fcc405a385653a9cd44fc418bf141935ffc7b70b9c', 8, 2, NULL, '[]', 0, '2017-03-21 18:51:26', '2017-03-21 18:51:26', '2018-03-21 21:51:26'),
('8f28a414cbe18ba061c03882a16e3a84352a5ba132687f7a2fc42f58787c67fb553fad6a1593ee97', 8, 2, NULL, '[]', 0, '2017-03-22 20:11:33', '2017-03-22 20:11:33', '2018-03-22 23:11:33'),
('8fdc74562c0813033caf3e85276e62e82bd4e2b21d275b359316cfa3fe611e8b929f9e34bb84c4a7', 8, 2, NULL, '[]', 0, '2017-03-22 20:16:11', '2017-03-22 20:16:11', '2018-03-22 23:16:11'),
('91a5dec520a0fec734aa0a96a8a90c751014e1f939b3f5f3f828df092e3966ef3fd59ffc760130ff', 8, 2, NULL, '[]', 0, '2017-03-20 18:47:17', '2017-03-20 18:47:17', '2018-03-20 21:47:17'),
('93953e9f6b79577c10663f7ab8aecdbf22992c99049f1a760ed702325d931ae57ad9f0abcd7e0b56', 8, 2, NULL, '[]', 0, '2017-03-22 18:31:21', '2017-03-22 18:31:21', '2017-03-22 21:31:21'),
('97a1dac4e07d6512903d50f635b3ec7e067fa12eaa830fad1eb21a48826c08f6ed7c912875fe2e62', 8, 2, NULL, '[]', 0, '2017-03-20 18:24:42', '2017-03-20 18:24:42', '2018-03-20 21:24:42'),
('9d83c518f7a9c51fa8e4e2051a98ad5246a4dadf465e47bfdc22058770bbec1a14cfc2f66865f9e2', 8, 2, NULL, '[]', 0, '2017-03-20 18:55:57', '2017-03-20 18:55:57', '2018-03-20 21:55:57'),
('9e201536395466f5fd3962d2437e43f7fb461e2f1aff7f871d3e9cef3e655ad82a41f24ae16c0d3f', 8, 2, NULL, '[]', 0, '2017-03-21 17:23:08', '2017-03-21 17:23:08', '2018-03-21 20:23:08'),
('a1a49404b5da6c9507bc1a60868b6ea48bba738389ecab6d63d8d94eb977245536647b910626409d', 8, 2, NULL, '[]', 0, '2017-03-21 17:13:06', '2017-03-21 17:13:06', '2018-03-21 20:13:06'),
('a66c8875e4f4b9a4fbf9be63041a3affdc69fd943dbc6cbfdb2e2f539b04133e915ef0dbefb8cb52', 8, 2, NULL, '[]', 0, '2017-03-20 18:56:22', '2017-03-20 18:56:22', '2018-03-20 21:56:22'),
('a7cd8ee39f76389258280eb35081c1cff7840980c15d87ca443100855df037ff54823c3d6261c2c8', 8, 2, NULL, '[]', 0, '2017-03-21 17:30:35', '2017-03-21 17:30:35', '2018-03-21 20:30:35'),
('aa90b621c91990b122850a290a7ad968537bf56658b0695bc66e7f6ccd24770205a0107212576bf6', 8, 2, NULL, '[]', 0, '2017-03-20 18:41:55', '2017-03-20 18:41:55', '2018-03-20 21:41:55'),
('aafaeca5a13d6c32067c26e2845fd5a3c41705b0cf1dffa93067f422d2c100f13257a3cb6961af8d', 8, 2, NULL, '[]', 0, '2017-03-20 18:41:11', '2017-03-20 18:41:11', '2018-03-20 21:41:11'),
('ab1eaadbd4e741eda008987d7cac764dc8a69f5cac75f46d9ad87b04fdb3683f6f88dace8726dbf1', 8, 2, NULL, '[]', 0, '2017-03-20 18:04:36', '2017-03-20 18:04:36', '2018-03-20 21:04:36'),
('ae16d0a3a4f187762f469376e51d387e989cfa8105c8467d098bf7e2d90d143cbbda8d1760061f40', 61, 2, NULL, '[]', 0, '2017-04-10 16:39:11', '2017-04-10 16:39:11', '2018-04-10 19:39:11'),
('af036425c1622d6e1cd5c61d039efb6a5a01c6174542fb0dc7cb1a5bdeedc0bf668e2bb0d3ecd6dc', 61, 2, NULL, '[]', 0, '2017-04-10 18:14:51', '2017-04-10 18:14:51', '2018-04-10 21:14:51'),
('b2ae43937164a8db61ab6bab460c27d7de087c53267035dce1cc94ec14b23bcea185b798132bf255', 1, 2, NULL, '[]', 0, '2017-03-20 17:03:28', '2017-03-20 17:03:28', '2018-03-20 20:03:28'),
('b484623e3ab2b9afcdf43ae1e91301f8d504581b9b3d6885523aea21333c22b743198737b1a890d5', 46, 2, NULL, '[]', 0, '2017-03-23 16:56:43', '2017-03-23 16:56:43', '2018-03-23 19:56:43'),
('c535e3dd8a45e898610a157df52ee9f5fa1466c938146176b848400c9778a02ed5b966465ea1635a', 8, 2, NULL, '[]', 0, '2017-03-20 18:01:15', '2017-03-20 18:01:15', '2018-03-20 21:01:15'),
('cb8acaaad7a2933c9a25a5c25f0593a8f8a1ceee4a1aafc098dc99ee3c728d0faa856f43ce539fdc', 61, 2, NULL, '[]', 0, '2017-04-10 16:54:51', '2017-04-10 16:54:51', '2018-04-10 19:54:51'),
('cccad83d5351f67f9e50d938fbb1182b66a7b972b0d1379c02bbeebb640daba18cb81cb395ded2ed', 46, 2, NULL, '[]', 0, '2017-04-09 15:58:18', '2017-04-09 15:58:18', '2018-04-09 18:58:18'),
('d181bc5c92d33790ae4b4d9774bb1c680bb5cddb344b31d4f376459c05bcfae4ed2fc0e757e8a4ed', 8, 2, NULL, '[]', 0, '2017-03-22 18:19:21', '2017-03-22 18:19:21', '2018-03-22 21:19:21'),
('d30e30d4ab8bf8043512839d70c90711753c8138defbbfb28748aad6fca154242791621f1cb7240a', 8, 2, NULL, '[]', 0, '2017-03-21 17:41:34', '2017-03-21 17:41:34', '2018-03-21 20:41:34'),
('d97cfd60c7c589828dfab66eb316f3758d245aeac5af35148b1aa9c31b567cc2f3c2b7289a1b6600', 8, 2, NULL, '[]', 0, '2017-03-22 18:21:28', '2017-03-22 18:21:28', '2018-03-22 21:21:28'),
('dca2867827203a04e58af9ee78f8d214222e10dac0eeb852c1407ce33841d1785057c796ecd11a7c', 8, 2, NULL, '[]', 0, '2017-03-28 17:00:46', '2017-03-28 17:00:46', '2018-03-28 20:00:46'),
('e4e038e2ac78f6da0d37da1d3ad5f40373ff03602bd771c2d4763aa343f585716e3735dbba34bcb1', 61, 2, NULL, '[]', 0, '2017-04-10 17:12:57', '2017-04-10 17:12:57', '2018-04-10 20:12:57'),
('e52f702b70f36436318c471cc3ad768bb60cbb939942b9a1ca533d69ad32fe665524391374baf9c0', 8, 2, NULL, '[]', 0, '2017-03-20 18:26:10', '2017-03-20 18:26:10', '2018-03-20 21:26:10'),
('e6da27c30b3be2f88915e0d05948d7500357abb0113b2d26a27aa308b77b3eca4136f6e3658dbb6d', 8, 2, NULL, '[]', 0, '2017-04-09 14:46:59', '2017-04-09 14:46:59', '2018-04-09 17:46:59'),
('e6ef987491fc44226893159a14e718bbec15ff38c77a3f74ec878af2e6da6e9392548b4288152331', 72, 2, NULL, '[]', 0, '2017-04-10 19:53:25', '2017-04-10 19:53:25', '2018-04-10 22:53:25'),
('eb324d8b8a7fbc2e2c7e975c02140642607c19a1b0808d51a479b0afa148137d2bd73e1ed826eb27', 61, 2, NULL, '[]', 0, '2017-04-10 17:04:24', '2017-04-10 17:04:24', '2018-04-10 20:04:24'),
('eec99720b88c2c349368b74f11722bfe3a673e4132f4be2ef9f24c7859c2b684b24e5d492c59194c', 46, 2, NULL, '[]', 0, '2017-04-07 12:58:31', '2017-04-07 12:58:31', '2018-04-07 15:58:31'),
('ef9d0ed435aafafee2f2d6a60734ec14f0e1dc41cf9c1a3c4209145763fad9ba4f01ca53946d6482', 8, 2, NULL, '[]', 0, '2017-03-21 17:17:08', '2017-03-21 17:17:08', '2018-03-21 20:17:08'),
('efa514b347c36295f68fd39d6da054050172bc4cb54505b666d8383a4dede60fd54e66c0b127fe9e', 8, 2, NULL, '[]', 0, '2017-03-21 18:49:01', '2017-03-21 18:49:01', '2018-03-21 21:49:01'),
('f1e394abedc141bc7da63ec98fa84285787726df5ac0b3a4660bd602e71a7a5ae62cc705ab91d302', 46, 2, NULL, '[]', 0, '2017-04-10 18:18:19', '2017-04-10 18:18:19', '2018-04-10 21:18:19'),
('f3358ddc439590ae77ba04fd44607d6e15ea7d8ba3923009b072aaf012c27eb110f625a5826b98e8', 8, 2, NULL, '[]', 0, '2017-03-21 18:47:40', '2017-03-21 18:47:40', '2018-03-21 21:47:40'),
('f38cbef7ec25b21423e4bc12ba672bccdd74fb2bd8e0736f48f7fbc3f3690e5d5605d3c2eeb3a4e5', 8, 2, NULL, '[]', 0, '2017-03-21 17:26:26', '2017-03-21 17:26:26', '2018-03-21 20:26:26'),
('f7613ef873f64426f88fcd06bd606d36aa011e1dc6e14e5bee0c041876df97f36fb54b32de087f29', 8, 2, NULL, '[]', 0, '2017-03-20 20:26:28', '2017-03-20 20:26:28', '2018-03-20 23:26:28');




INSERT INTO `oauth_clients` (`id`, `user_id`, `name`, `secret`, `redirect`, `personal_access_client`, `password_client`, `revoked`, `created_at`, `updated_at`) VALUES
(1, NULL, 'Laravel Personal Access Client', 'ULL1lxmsjZVER9p4m20ccGSh5sHOLTdj583P3MyH', 'http://localhost', 1, 0, 0, '2017-03-20 17:03:14', '2017-03-20 17:03:14'),
(2, NULL, 'Laravel Password Grant Client', 'dS5tZJ9ssYmW9ZMUqpskRJp2qX2pb4b4jmphon9Q', 'http://localhost', 0, 1, 0, '2017-03-20 17:03:14', '2017-03-20 17:03:14');


INSERT INTO `oauth_personal_access_clients` (`id`, `client_id`, `created_at`, `updated_at`) VALUES
(1, 1, '2017-03-20 17:03:14', '2017-03-20 17:03:14');


INSERT INTO `oauth_refresh_tokens` (`id`, `access_token_id`, `revoked`, `expires_at`) VALUES
('0346043c11db1dbade5e2e02ca53ed11eff3d3803cdc76995b9ae92aaafa72f06713618cda959430', 'eec99720b88c2c349368b74f11722bfe3a673e4132f4be2ef9f24c7859c2b684b24e5d492c59194c', 0, '2018-04-07 15:58:31'),
('0720ecee9c625fc7daa442f144b9e1b2a41d4726baa204ed7dedf06f4c42b820ca46485ad4a8fdfd', 'c535e3dd8a45e898610a157df52ee9f5fa1466c938146176b848400c9778a02ed5b966465ea1635a', 0, '2018-03-20 21:01:15'),
('085343299a0fc3bf8f6d2b1aafb0e05fa3ef43ab75187d940f6bb5904f339f19b9fb5f6cfc2f884c', '4aa9f4ea9b579c4c194be367fcb58a31be81b20ac6e410d1673024e3e203e19948b218ca69601dd3', 0, '2018-04-10 22:44:42'),
('085bd3f90463594bef484101fcd0973e76f26efd40ffba1f2226f691f35aadc3494942b27bbc1e8d', '97a1dac4e07d6512903d50f635b3ec7e067fa12eaa830fad1eb21a48826c08f6ed7c912875fe2e62', 0, '2018-03-20 21:24:42'),
('0bf844b388af75603e7a88fad3221131110e262bb952b3f17584a28714c1f2923c7fae0a7c2c1e9f', 'f7613ef873f64426f88fcd06bd606d36aa011e1dc6e14e5bee0c041876df97f36fb54b32de087f29', 0, '2018-03-20 23:26:28'),
('0d5db2044e901f5976fd2945bb989dcd705c39926acb1f9e884e37b1d67923285b543570eeec5f48', 'f1e394abedc141bc7da63ec98fa84285787726df5ac0b3a4660bd602e71a7a5ae62cc705ab91d302', 0, '2018-04-10 21:18:19'),
('0e8da79084abf6b3f684cf255981e2b3ecd1c35e1588461941ce446a10242e4f2408e6850ce887c8', '9d83c518f7a9c51fa8e4e2051a98ad5246a4dadf465e47bfdc22058770bbec1a14cfc2f66865f9e2', 0, '2018-03-20 21:55:57'),
('1026c8dd03164e6726e8b515c7a68994c4c488b7b61b16507e1db1f418e3e2c3d08acc29214e7eb0', 'e6ef987491fc44226893159a14e718bbec15ff38c77a3f74ec878af2e6da6e9392548b4288152331', 0, '2018-04-10 22:53:25'),
('15d58f31ea73306e419ab8ce633cde1ae740cc6b59dd33c29860666d746fc474ed4819b2e789d942', '085d8315ddced7921204e56e64a74bef178bcc8c106749cc4bfc75ca39b8c3056ab65bcf8d5a5f1a', 0, '2018-03-21 20:36:44'),
('1bf7db6faf6ca550e34134eba0f139357e2dccfbc65b2c3aee1985d3e2f8f8f0c4dda8cde2ec23d3', '7b17ac0954c4482a50f4cdac9b5e1b2e420a5e3644cd4f1634901a3b7c35c2e3b0ab2d31bedcfacc', 0, '2018-03-21 20:34:08'),
('1e4ce7521f0fb526c8966168e65202715bfaac3fed952f324c459948e0d38bf52f148109b0a38dab', '1033f15d13ddf1b3418e7cf19f04f37c37e1b30a46db4fcebe52ffc3b3af019fb53c3ec62943d927', 0, '2018-03-21 21:21:13'),
('1eb95f09edff5b860f7950efde58627b775190439207dafd2f1b7df818d9801c75191a276bfaca46', '35902e01bfa09373e304f5503cdf7bb372148d5724386711055e25763a52f237ecb8e958a4bce605', 0, '2018-04-09 18:48:58'),
('2068f7f2045127518d7f915969f0f2a8f282a8fc4d72b5cdb8067e48f9cc22777e5e837d9cdbd0c1', '16bdf51a4d75f20d29ef54e0f8809314d739342a13ae7c79e3277dbe7d2a33ffcc3abe5b1ae52360', 0, '2018-03-23 19:47:36'),
('2bea6f12a27a9418afb1487d14c6175bcf6da5ac60fd0cd7212d6db5bb3533032676710f240008ba', '77d63e9285ea31fa8d560177a624006e67846dd65a31eaf4bd85f6237a06d7bf70b45259cfe69600', 0, '2018-04-09 20:42:43'),
('2fbd5a596e5af3734573d3d0c1d3f154f5951909df1b9c4f086581f8a8b73f0876ae666a9cdc7f58', '91a5dec520a0fec734aa0a96a8a90c751014e1f939b3f5f3f828df092e3966ef3fd59ffc760130ff', 0, '2018-03-20 21:47:17'),
('3afffafb82f57795762ec05a228b83ca790498f0989e04ee19310ef527cb7d5f09493377abab89ad', '4e7a7efe44b9bd7eac51eb65621f3f5e99ea77402687660b7f9361c19b550c728d40d238c7de0830', 0, '2018-04-10 22:11:48'),
('3bde5dbd325a0386eef38d83c0601700d245c613681b04cf79f27b3ac3e5b419a9a336382740ec56', '0999cf967a652f3840a14002036273f52f3febde47600288bc7ffc9aaaaf0b6e64abcbfca01190ec', 0, '2018-04-10 19:49:07'),
('3c6b4cac88a5c8518be41d6a150699d472708d19ea933ddec77334c54c51ad3c487034199690c3c2', '4e7795797f9d4ba607e5fb70aef545227338d7e0e3f6b3228a49fe98a39f14e67341632eaf326037', 0, '2018-03-21 20:30:45'),
('3cababeb042aa9ffae4e7bd115d3ea0894fd1ac7e6c329d6599fc6c8caa8efdd20d6f0993060ecbb', 'e52f702b70f36436318c471cc3ad768bb60cbb939942b9a1ca533d69ad32fe665524391374baf9c0', 0, '2018-03-20 21:26:10'),
('40c82fa69fb46ad85c224fdcc9343b3f1c334fafe8f1493386a8287c45a86587dc9a1fbfdfcb74b4', 'efa514b347c36295f68fd39d6da054050172bc4cb54505b666d8383a4dede60fd54e66c0b127fe9e', 0, '2018-03-21 21:49:01'),
('480ee968e37c48703b3a8b2ba1056e6cbef24f57187d1a074cdcbd8578e7493e90afe5e83db4849f', '8f28a414cbe18ba061c03882a16e3a84352a5ba132687f7a2fc42f58787c67fb553fad6a1593ee97', 0, '2018-03-22 23:11:33'),
('4c34ab8ae2b0d82654bd32a9f12cb083566d2dd1b831f3f406c728989ebac4706010436457ed4cdf', 'b484623e3ab2b9afcdf43ae1e91301f8d504581b9b3d6885523aea21333c22b743198737b1a890d5', 0, '2018-03-23 19:56:43'),
('4c46ce213dc4c4d1f8d587da5bbb81c724904c9edf7638893efffc66e6581ea7b1293660f2bf7c84', '9e201536395466f5fd3962d2437e43f7fb461e2f1aff7f871d3e9cef3e655ad82a41f24ae16c0d3f', 0, '2018-03-21 20:23:08'),
('4d7f7f725c801ea16ec0f6025d51744e0e84fab98e820f2c083b9f5f454532ec0c0d1e49fdd23d91', '141c51777aa9f4c46f0352b73b7bc01bc6335688b560ac5396446c16cc6b8ec4521ca3333dbf9699', 0, '2018-03-21 20:15:47'),
('4f7b8c48634fb8bb686c0fe4d1a4175452f9e5544396c4c061812276a7232da65aedd5ea8a70ca93', '4cfdfbe6514fc142e0a0ffe5799f0f6fc48a82c28e87cc3b802dd6e184ab526fee4813a7131025b3', 0, '2018-03-21 20:21:25'),
('608fdfc12167c184bce6612435ef438da924884fef74fb41f0e6020694e24c952c1dee0d7b8b91a0', 'cb8acaaad7a2933c9a25a5c25f0593a8f8a1ceee4a1aafc098dc99ee3c728d0faa856f43ce539fdc', 0, '2018-04-10 19:54:51'),
('630dc080fd5b91a32a12007adce3175592e714a9a2054f9263ba57e29988f2d1f05894d8f63d78fd', '77d927eb530b86cb3b8416a7e9ca78b6c544922ba5972ceb5a84ad124b06c646fc93cfe1393cc2db', 0, '2018-04-10 20:02:41'),
('664f5c8c534c9259def9976d74bde298ff8861bca45d45011841e4f4c670411a41d986dccd2f5ee3', 'cccad83d5351f67f9e50d938fbb1182b66a7b972b0d1379c02bbeebb640daba18cb81cb395ded2ed', 0, '2018-04-09 18:58:18'),
('68789a6713a2d4e1293a473d8cfd9b83569e9e2b5d439cc5a72828d85ff19102ebce8d3040f50984', '42cec636e0d4f402b706ee5f97eca41c6b2f282f2da82ca0cf856a2de694252b62f05bfaeae7aede', 0, '2018-04-09 19:17:28'),
('6c6ee3345e9d52ec4b6eb938912f3ef0e697038573665beac7fac6556f409d2a9e10694044a1a9cf', 'ab1eaadbd4e741eda008987d7cac764dc8a69f5cac75f46d9ad87b04fdb3683f6f88dace8726dbf1', 0, '2018-03-20 21:04:36'),
('6c8126c610257919eea0628e0d1562e7e62f2a2514134522d2ae3c1a05a9ebb684163e551ad23e96', 'e4e038e2ac78f6da0d37da1d3ad5f40373ff03602bd771c2d4763aa343f585716e3735dbba34bcb1', 0, '2018-04-10 20:12:57'),
('73a9046372c06fbe3627ebc3f192a401d76eda6739031f410656762758e49a98959a41f0fa215aba', '8fdc74562c0813033caf3e85276e62e82bd4e2b21d275b359316cfa3fe611e8b929f9e34bb84c4a7', 0, '2018-03-22 23:16:11'),
('75b79f7a476255622b1ebf405e7c8cb16b2fe89134469e697c8bd820b75817614b8c29495ce4ae75', '88fced301ae7b8be005db59d3e0be01ac3a104fcc405a385653a9cd44fc418bf141935ffc7b70b9c', 0, '2018-03-21 21:51:26'),
('77e4f8ea89528c98f4385a15981c243f79d989ae113785db6537c542e097b6d732216bed7a53c1f9', '1befc0649a9262e113e3ce5676a6ad1511b8ca18ced188f3474c464564bae3efb75b3fdc91ed8f7b', 0, '2018-03-20 21:33:14'),
('7802d997568607650b75f96f035126870703a6874383efa1034e03a3cde544cfca0082c8fa4a97f1', 'e6da27c30b3be2f88915e0d05948d7500357abb0113b2d26a27aa308b77b3eca4136f6e3658dbb6d', 0, '2018-04-09 17:46:59'),
('7cd0391924a63d7bdef90bd5543c140371b5e2e69096056e4dc9b8cbf2ea7f5372de6671c9fd5e67', 'ae16d0a3a4f187762f469376e51d387e989cfa8105c8467d098bf7e2d90d143cbbda8d1760061f40', 0, '2018-04-10 19:39:11'),
('80e49b46f5b863029267c97621b3027c174a85178beda5d5ac39b183021ea6c366acc0482522d426', 'a1a49404b5da6c9507bc1a60868b6ea48bba738389ecab6d63d8d94eb977245536647b910626409d', 0, '2018-03-21 20:13:06'),
('88b300c4d4fcf5a7df6122644ce6a866139536cf86192f3eeaa51334b67fed41350e225313dc4378', '2f975de2d94d0456b1bf78bd4fe46c153d1bb48f37d141b0dbecdce7c721e9a3cb093911f68ef6bf', 0, '2018-03-26 21:24:09'),
('8940467c8784457aba32425db6c636d61fb525f34cd2a51388ed9e45e4703da5b85f86d463ab847b', '41d93d686472d05fc0f5eba232559864e6857ef02af17ece7b6c9fbed05fa014abd0d2ed9b934c79', 0, '2018-03-20 21:21:06'),
('8a3b97f26054b281cc7fc5514b2c96c9754a0c5c3407692c73ad57d0890884c1231f4a7c81065f30', '8851124dc2f57150729a9138a92c76b70852151eb0efa5fe81c10fc36ddf56ef8f9abea098a0bc2d', 0, '2018-03-21 20:37:34'),
('90e56546495da0630dcf922ca22100440d47c98fad915612551a78554d0c75a5ec02b319953e978d', 'f3358ddc439590ae77ba04fd44607d6e15ea7d8ba3923009b072aaf012c27eb110f625a5826b98e8', 0, '2018-03-21 21:47:40'),
('91af860527076153afa94b31332c4050ae5986093acc6d25f8319df4a9632f2c5e55665c861ca733', 'dca2867827203a04e58af9ee78f8d214222e10dac0eeb852c1407ce33841d1785057c796ecd11a7c', 0, '2018-03-28 20:00:46'),
('92519a9b7ba272c839ac4f9378a4a50e0c44dc8e43e247d2b45294e3f58d339fb49bc4a1a2c60100', '101d4c222a87456c58a6db42383b74113ff93e75c7a86ceaf4ba39fca52bb4ee2f9f217b6d6cdc0d', 0, '2018-03-22 23:22:50'),
('95353518f88feae1522983fbc57ffc48ff7fef24fd562aa9d34fce294e6961851b059a5173ffe3d6', 'f38cbef7ec25b21423e4bc12ba672bccdd74fb2bd8e0736f48f7fbc3f3690e5d5605d3c2eeb3a4e5', 0, '2018-03-21 20:26:26'),
('98cf25d46507afe28830adea1f62426c597a6679ad342ba14034e9e1ef4038fbfeb8988341013e15', 'b2ae43937164a8db61ab6bab460c27d7de087c53267035dce1cc94ec14b23bcea185b798132bf255', 0, '2018-03-20 20:03:28'),
('9f0b6371b3f05d81eae3089b712f97eb633af3774e0135349e06c27d58dcaebb6ad6afcfe0f6c873', '01bdf4783d2cf19a8422f8d352ed58f62cfbeb5cc43d9f48bb6eb99bb8f247c1c3d10716cd52d855', 0, '2018-04-09 17:44:27'),
('ac49bedae79d3b5e9054c731a5a759122cee359e8b93314ebaef599b873c238d1807e0db2b51837f', 'a7cd8ee39f76389258280eb35081c1cff7840980c15d87ca443100855df037ff54823c3d6261c2c8', 0, '2018-03-21 20:30:35'),
('aeff71cdc45b054a613d1a54e09503e6592f72c7fd9ec358b484a9e86ca647993407dfd483db7439', '501a7fddacfc353648385befaf646f6d0c17f3559745f74aeed81a79ee6f9d9b95de50f33fffec5b', 0, '2018-04-09 17:56:59'),
('b2c9c11a260667879e6f782c1cad359d74f48c289ecb300f563646fd7c963732255e053718761356', '93953e9f6b79577c10663f7ab8aecdbf22992c99049f1a760ed702325d931ae57ad9f0abcd7e0b56', 0, '2018-03-22 21:31:21'),
('b5ff69919f195606422ccfbae81bed479acac31262dc4b2dbc091c5077a22c7207349baec74ff361', '6a42e36113b1f251d60f8fe3a6c327d8f36c83a7d3c63301073dad2bb16d941672853425e9b1732e', 0, '2018-03-21 20:27:37'),
('b739c0c78c6268e0688cdfa4acfff516e13d022ed4474c8bd63a71b6c11195eebb29c799b8966411', 'aa90b621c91990b122850a290a7ad968537bf56658b0695bc66e7f6ccd24770205a0107212576bf6', 0, '2018-03-20 21:41:55'),
('be696d8aa3470ed25430a7bb2b536fe363189167563cf93a46feb4bb5af95fc7c103c4d0eecc1087', 'd97cfd60c7c589828dfab66eb316f3758d245aeac5af35148b1aa9c31b567cc2f3c2b7289a1b6600', 0, '2018-03-22 21:21:28'),
('c4a5ad4cd13c1e8a19b059460724af71cb7119b3ce4c08a0006a8b6ba7594b03f4f4a7088d6b50e2', 'eb324d8b8a7fbc2e2c7e975c02140642607c19a1b0808d51a479b0afa148137d2bd73e1ed826eb27', 0, '2018-04-10 20:04:24'),
('cc80ce30f2dfe929498fb2b278c961193df4734b1780551fd109c2bcbd3e84200f4a4ea6cfc994ea', '666e7157a6784f473845f3f2a8b5d7fdf7bc1897f95ee5a7e9defa77d3f85401d274a8d467a98cde', 0, '2018-03-20 21:33:37'),
('ce73bf27c98cff881c40a11307f808a28ddc4b03a114c2df4d2a86a3c8d95075fcc466235e010ce4', 'aafaeca5a13d6c32067c26e2845fd5a3c41705b0cf1dffa93067f422d2c100f13257a3cb6961af8d', 0, '2018-03-20 21:41:11'),
('d0aa3892158e4334f4017e66e0cfce9d2d0b61154bb5d0dacd66f08d50657057e1688e64ef96c45a', '630e1af7bde6f6ec1dfd25653bf71c6fcb745ee3bd32160bfeccbcabfb850bd71f6123020388b56e', 0, '2018-03-20 23:26:03'),
('d470f21d22cf0ebd0404952d4936d158f142e018a2695c580dd5e3d2595e3a9d1fac2f61ce821615', '166d69867ae5b8e0c35e61f6ec791120ffd2aabac6ce4ec4dcd157fda8fb95adb6b0bbc13054cbe9', 0, '2018-04-10 19:34:16'),
('db79a3bb217c4f5456433fc2c5d410924ed67b69b9844c1b59226ed23ebded0e7f30aa51ddc8f848', 'af036425c1622d6e1cd5c61d039efb6a5a01c6174542fb0dc7cb1a5bdeedc0bf668e2bb0d3ecd6dc', 0, '2018-04-10 21:14:51'),
('dd82861dd4bd20c5178ca94c3b5f1fef269ec6fdb1d20dc4ddc31eb82144bfad5ce4cfc064cb7b38', 'd181bc5c92d33790ae4b4d9774bb1c680bb5cddb344b31d4f376459c05bcfae4ed2fc0e757e8a4ed', 0, '2018-03-22 21:19:21'),
('e24f49e75c42e5a0f68079b657664e390bde0e7868901880fb54f77ebf0032824ab69be2f7a57d49', '853ed91f9e6fc6d56838a5f0080a183233678c497d4365d227d311d7e731ae4a76550d5293a724ff', 0, '2018-04-09 17:42:34'),
('ec047af5a33d4d22d864f38d281e67767324b65a611f105ebdf9b5e2a37dbae1de8e11bb0bcd6756', 'ef9d0ed435aafafee2f2d6a60734ec14f0e1dc41cf9c1a3c4209145763fad9ba4f01ca53946d6482', 0, '2018-03-21 20:17:08'),
('eca18f911c141798b9a60d41768502a8cc4b8390b4ac8562d5899ec97a6195ee6d7fc4f12a36e651', 'a66c8875e4f4b9a4fbf9be63041a3affdc69fd943dbc6cbfdb2e2f539b04133e915ef0dbefb8cb52', 0, '2018-03-20 21:56:22'),
('f5e3157041140104afd39cc7b144bd5b7cd7235c3626d24b15142fafd58fe177464e4909eead0c24', 'd30e30d4ab8bf8043512839d70c90711753c8138defbbfb28748aad6fca154242791621f1cb7240a', 0, '2018-03-21 20:41:34'),
('fa07013662313fac04c8f258668d93868ff15c8b59252256af495d75c1b8f2b116af13fedd17c4bc', '01e8b96265d2eaf347b98b7c23950e7a63cb0dd33a034ed10de39ed60f41ca49bafb6407fea8ec58', 0, '2018-04-09 18:37:57');



INSERT INTO `orders` (`id`, `app_user_id`, `dev_id`, `place_from_name`, `place_to_name`, `place_from_lat`, `place_from_lng`, `place_to_lat`, `place_to_lng`, `distance_m`, `distance_k`, `price_total`, `price_distance_k_first`, `price_first`, `steps`, `price_galon`, `transportation_id`, `order_type_id`, `st`, `created_at`, `updated_at`) VALUES
(1, 8, '12332123123123123', 'Unnamed Road, Sana''a, Yemen', '60 Meters Rd, Sana''a, Yemen', '15.3261', '44.2443', '15.404870057766395', '44.18435364961624', 19495, '19.5 km', 2222.5, 2222, 2222.5, 'uhp|Aet_mGIDINMTEXDPNJhAF\\FBXBp@Rb@`BvB\\fAF`BGrCGdAOt@A@_A|EC\\@z@JpIAhBK`CCf@BfAeBz@{Ap@{MrEuJvCoErAWDg@LSHK@ONANBNHLPBDAnAhBjEtGLVd@`B~@jF~BfO`@~Ih@xK^fJVfGJ`BHtAVpE?b@FlAl@bMAf@D|ARjEf@fJB`AETMLUJmAEm@JeGq@sHm@}BM_A?_@B_@Ea@?gEPuAFIJALFLFDlCKpDMRGREdAAn@@tF`@xCVlGt@tATfAL~BV~D^vRzBdPlBlDr@JBVTLVFTBRSlB[lCUlAM|@_CbISp@E\\KXWz@MTiGrKa_@nm@_IlMyJjP{AxCcAfC{BpFmInTwD`KwA~DgAnDyGfTc@z@S\\YXq@j@aAj@kA\\c@HqE`@wHj@cCRw@?YAw@IsTkEkAWq@Um@a@iAw@aGmFwLsKwBwAq@[{@Qu@K{@EkACeKl@{n@rDwF\\_A?aBGw@OeEcAkU}FeBc@}@Wu@YoAo@yDeCmCcBmFiD]Qu@[y@Sm@Gq@@o@By@PkTnEqR|DeKzByEhAqA\\qLnE{OhFaAb@_F`BkAP}AB_AE_AIiA[c@SqAw@yJ{JeJgJmJmJWQmMsMaBoAuBmA_QeJ', 5000, '1', '1', 'Canceld', '2017-03-26 17:27:57', '2017-03-27 18:55:43'),
(2, 8, '12332123123123123', 'Unnamed Road, Sana''a, Yemen', 'Ring Rd, Sana''a, Yemen', '15.3261', '44.2443', '15.350729003685634', '44.189241975545876', 9267, '9.3 km', 1111.25, 1111, 1111.25, 'uhp|Aet_mGIDINMTEXDPNJhAF\\FBXBp@Rb@`BvB\\fAF`BGrCGdAOt@A@_A|EC\\@z@JpIAhBK`CCf@BfAeBz@{Ap@{MrEuJvCoErAWDg@LSHK@ONANBNHLPBDAnAhBjEtGLVd@`B~@jF~BfO`@~Ih@xK^fJVfGJ`BHtAVpE?b@FlAl@bMAf@D|ARjEf@fJB`AETMLUJmAEm@JeGq@sHm@}BM_A?_@Be@H}@@gERoBJ{DFkGC}@Eq@@}BTi@Hu@?gBHoAD_C@wDAeIM{CKyEGm@AqCEeC@]I}E]kCMS?KEI?UNW`@@JZdAlBvGNRD@J^bBfGnBbHp@fC`AzCn@vBhA|EVnAPtAZpD^lGh@~JAp@LpBZxGHhABNGBoDp@qGvA{ATyANuQlBqALW@Ey@', 5000, '1', '1', 'Canceld', '2017-03-27 19:00:28', '2017-03-27 19:05:49'),
(3, 8, '12332123123123123', 'Unnamed Road, Sana''a, Yemen', '60 Meters Rd, Sana''a, Yemen', '15.3261', '44.2443', '15.381078601826426', '44.17904924601316', 13184, '13.2 km', 1555.75, 1556, 1555.75, 'uhp|Aet_mGIDINMTEXDPNJhAF\\FBXBp@Rb@`BvB\\fAF`BGrCGdAOt@A@_A|EC\\@z@JpIAhBK`CCf@BfAeBz@{Ap@{MrEuJvCoErAWDg@LSHK@ONANBNHLPBDAnAhBjEtGLVd@`B~@jF~BfO`@~Id@jKGZBz@H|CP|EHpACTIHq@TKBIDIV@LANGPEF[LgAZa@DkBDi@CaEm@wAIoCOo@Q[Q_@Qu@Sq@Gq@?aCBeA?mAIs@Gc@Ak@DS@i@ImAa@gA]m@K_AM}@G_EImAKiAQm@Gq@CaCMgEOgBEoAEeBEw@@gDL}@N{@Z[^o@pEKd@OVcAdAi@RYJsAb@g@XUVS^Kd@It@G~AMhB]dBQl@UXYP_A\\y@Dg@A_@AuBOi@?aEb@i@AO?gB]k@Ik@Cq@@iAVm@^k@r@k@r@q@r@c@Ze@FwBRk@DoA?w@DiAOeBYsEa@mBMq@MWMcBw@cAYk@CiABwAN{ABoABgC?oEEuEIkE?iBC_A@g@Fk@Re@^]b@Qb@[~@w@nCYp@[b@]Ni@Jm@LaBJy@C_@Ae@IcBc@wCy@cAg@m@c@[Wa@{@IcB?c@LyA?s@DSPKJ@BBF\\Fd@@|@?`GB~GLdHA`AWzJUnCA~@DfAN~ALbBd@|Dx@fKT`DHlCNzKPhRD~FDh@Tz@LV@PKh@Mj@gAr@WPoAZkEbBgHzCe@LcAHaIIOf@qA|Jy@`HIv@i@\\_@f@]\\_@Nc@F_Mq@U?KDMTGf@q@rLKlAmAtE', 5000, '1', '1', 'Canceld', '2017-03-27 19:06:31', '2017-03-27 19:13:36'),
(4, 8, '12332123123123123', 'Unnamed Road, Sana''a, Yemen', '48 St, Sana''a, Yemen', '15.3261', '44.2443', '15.254193114171718', '44.21680133789778', 15572, '15.6 km', 1778, 1778, 1778, 'uhp|Aet_mGIDINMTEXDPNJhAF\\FBXBp@Rb@`BvB\\fAF`BGrCGdAOt@A@_A|EC\\@z@JpIAhBK`CCf@BfAeBz@{Ap@{MrEuJvCoErAWDg@LSHK@ONANBNHLPBDAnAhBjEtGLVd@`B~@jF~BfO`@~Id@jKGZBz@H|CHjBLJL?TGBE@KGw@MmCKQUcE\\o@dA[nN{AlAIr@@|HHzDDpCEfJ_ApM_BnB]fC]dBMdCWfC_@lB_@tQeFbBe@jASpEi@rCQlEMlWkAbBE|BBzAFnHn@~Db@bMbApVvBNF?NAj@I~CE|C?vBHdC`@pDZdBt@`Cd@lAhCfFxGlMvDxHj@xAp@nC^jCJbAFnCErBItBYtB}AdIkApC_@d@Q^BPJFLBLAPKf@s@dD}DtCiD`FwFnFqGxIeKb@o@~EeJnC}EnBnBzDpE~@pAPKxAeA~AsALM|AqAVb@`BuAn@i@jV{RjIuG`E_DHAJEvAiAxAkAjBcBfEaDvBmBxEkDnByAE@bByArB}AxD{CjEFfDDpJZnCH~J@~GuAzAo@hAlF~BhGjBhEwAv@d@|BlD|C{@nBcBm@sAdDe@xAGv@|A@', 5000, '1', '1', 'Canceld', '2017-03-27 19:14:04', '2017-03-27 19:24:34'),
(5, 8, '12332123123123123', 'Unnamed Road, Sana''a, Yemen', 'Beynoun St, Sana''a, Yemen', '15.3261', '44.2443', '15.303952751981246', '44.22961391508579', 4221, '4.2 km', 555.625, 556, 555.625, 'uhp|Aet_mGIDINMTEXDPNJhAF\\FBXBp@Rb@`BvB\\fAbBbAlBpAhAp@l@VdAVTFL\\^vAzB|LZXLHdAJlAHoCnCcAd@aA^q@TJ\\xBw@bAe@XYl@k@^_@fM{MLKHHTNTXVd@Vp@`BrGdBbH|AxFBRTG`EeAvEmAzGeBfKuCxBo@jCk@pCq@lGkBrBg@xD_AhDzMhDnMTz@HX', 5000, '1', '1', 'Canceld', '2017-03-27 19:24:57', '2017-03-27 19:31:56'),
(6, 8, '12332123123123123', 'Unnamed Road, Sana''a, Yemen', '30, Sana''a, Yemen', '15.3261', '44.2443', '15.3092410323302', '44.23978518694639', 3145, '3.1 km', 444.5, 444, 444.5, 'uhp|Aet_mGIDINMTEXDPNJhAF\\FBXBp@Rb@`BvB\\fAbBbAlBpAhAp@l@VdAVTFL\\^vAzB|LZXLHdAJlAHoCnCcAd@aA^q@TJ\\xBw@bAe@XYl@k@^_@fM{MLKHHR@LEJKFe@TW`EmEhAeAnB}AzAkAHLb@BxDuANGPh@bBs@`By@vH_D|@zBbEoBpDiBNGD@r@fB', 5000, '1', '1', 'Canceld', '2017-03-27 19:32:57', '2017-03-27 19:41:17'),
(7, 8, '12332123123123123', 'Unnamed Road, Sana''a, Yemen', 'Khawlan St, Sana''a, Yemen', '15.3261', '44.2443', '15.315376408406209', '44.236889742314816', 2305, '2.3 km', 333.375, 333, 333.375, 'uhp|Aet_mGIDINMTEXDPNJhAF\\FBXBp@Rb@`BvB\\fAbBbAlBpAhAp@l@VdAVTFL\\^vAzB|LZXLHdAJlAHoCnCcAd@aA^q@TJ\\xBw@bAe@XYl@k@^_@fM{MLKHHR@LEJKFe@TW`EmEb@hAJb@fBiAnA}@j@`B', 5000, '1', '1', 'Canceld', '2017-03-27 19:41:44', '2017-03-27 19:42:32'),
(8, 8, '12332123123123123', 'Unnamed Road, Sana''a, Yemen', 'Unnamed Road, Sana''a, Yemen', '15.3261', '44.2443', '15.32597812628545', '44.23933759331703', 66, '66 m', 200, 200, 200, 'uhp|Aet_mGIDINMTEXDPNJ', 5000, '1', '1', 'Canceld', '2017-03-27 19:44:09', '2017-03-27 19:53:43'),
(9, 8, '12332123123123123', 'Unnamed Road, Sana''a, Yemen', 'Unnamed Road, Sana''a, Yemen', '15.3261', '44.2443', '15.308410270538872', '44.20680105686188', 8602, '8.6 km', 1000.1249999999999, 1000, 1000.1249999999999, 'uhp|Aet_mGIDINMTEXDPNJhAF\\FBXBp@Rb@`BvB\\fAF`BGrCGdAOt@A@_A|EC\\@z@JpIAhBK`CCf@BfAeBz@{Ap@{MrEuJvCoErAWDg@LSHK@ONANBNHLPBDAnAhBjEtGLVd@`B~@jF~BfO`@~Ih@xK^fJVfGJ`BHtAVpE?b@FlAl@bMAf@D|ARjEf@fJB`AETMLUJmAEm@JeGq@sHm@}BM_A?_@B_@Ea@?gEPuAFIJALFLFDlCKpDMRGREdAAn@@tF`@xCVlGt@tATfAL~BV~D^vRzBdPlBfFbAz@J\\@`A@dSbCfKvAdDf@hGv@BCLGAOKOwB[iBUjAkAl@_@pBsAfB}@b@UTW\\q@Tq@H_AO}DEgAIgCBm@F[NUZe@', 5000, '1', '1', 'Canceld', '2017-03-27 19:54:16', '2017-03-27 20:00:45'),
(10, 8, '12332123123123123', 'Unnamed Road, Sana''a, Yemen', 'Taiz Street, Sana''a, Yemen', '15.3261', '44.2443', '15.322180311638327', '44.22781851142645', 2103, '2.1 km', 333.375, 333, 333.375, 'uhp|Aet_mGIDINMTEXDPNJhAF\\FBXBp@Rb@`BvB\\fAbBbAlBpAhAp@l@VdAVTFL\\^vAzB|LZXLHdAJlAHoCnCcAd@aA^aDfAqFvBs@RJ\\`@pAXjA|@jCjAbExAdE`DiAZtAcA^', 5000, '1', '1', 'Canceld', '2017-03-27 20:01:07', '2017-03-30 12:44:09'),
(11, 8, '12332123123123123', 'A7, Sana''a, اليَمَن', 'Unnamed Road, Sana''a, اليَمَن', '15.37740319254906', '44.24331638072361', '15.377203', '44.220362', 5423, '5.4 كم', 666.75, 667, 666.75, 'okz|Ayg`mGi@uBt@MnCFEwAGy@dCAnB?j@A~@IbJiAxGs@z@KZ@h@Dd@H`@JfB|@tHxEjF|CzHtEnA~@dDrBpAxA`BjDtFlOt@vBRl@dBdEhAzCv@zBDj@Mh@]h@YGu@K_BCsB@uEAuADoBFwAX_Bj@sAz@gBfBo@bAy@fBcDpLq@bCy@~AuCdD[`@Ub@Sr@SlAClAShGaCUi@E]NiA`@i@J}@\\{Af@gAN]DIR[tAKv@c@bCQ|AWAoBQmAOOz@o@Os@Y_@fAOh@qDSkAIUnBGReBnCs@[', 5000, '1', '1', 'Canceld', '2017-03-28 17:01:55', '2017-03-28 17:07:41'),
(12, 8, '12332123123123123', 'A7, Sana''a, اليَمَن', 'E Ring Rd, Sana''a, اليَمَن', '15.37742417772801', '44.24315571789094', '15.352212', '44.230668', 6958, '7.0 كم', 777.875, 778, 777.875, 'gkz|A_g`mGq@oCt@MnCFEwAGy@dCAnB?j@A~@IbJiAxGs@z@KZ@h@Dd@H`@JfB|@tHxEjF|CzHtEnA~@dDrBpAxA`BjDtFlOt@vBRl@dBdEhAzCv@zBDj@Mh@]h@YGu@K_BCsB@uEAuADoBFwAX_Bj@sAz@gBfBo@bAy@fBcDpLq@bCy@~AuCdD[`@Ub@Sr@DFHDLAFQNe@Ve@`CuCz@aBh@gApBmHbAoDt@{B^s@b@m@t@{@tAkAdB{@d@Qj@MnAM`NCzADhAP|Al@bAt@f@j@Xj@Vh@V`Aj@~D^fCh@lBl@|ApAlCf@r@RPl@b@f@LXHr@H~AFvKDxCAb@C\\Mb@SXSV_@dAmBv@yA`@q@\\a@vAkA`@UIQS{B', 5000, '1', '1', 'Canceld', '2017-03-28 17:11:38', '2017-03-28 17:12:26'),
(13, 8, '12332123123123123', 'A7, Sana''a, اليَمَن', 'A7, Sana''a, اليَمَن', '15.37744710223319', '44.24323618416138', '15.364806', '44.241535', 2984, '3.0 كم', 333.375, 333, 333.375, 'kkz|Aog`mGm@_Ct@MnCFEwAGy@dCAnB?j@A~@IbJiAxGs@z@KZ@h@Dd@H`@JfB|@tHxEjF|CzHtEnA~@dDrBpAxA`BjDtFlOt@vBRl@\\UuAoDqDwJiB_Fk@aAg@y@qAmAc@Y', 5000, '1', '1', 'Canceld', '2017-03-28 17:14:32', '2017-03-28 17:14:54'),
(14, 8, '12332123123123123', 'A7, Sana''a, اليَمَن', 'A7, Sana''a, اليَمَن', '15.37739006338211', '44.243335593533', '15.370774', '44.245392', 1082, '1.1 كم', 400, 400, 400, 'qkz|A{g`mGg@sBt@MnCFEwAGy@dCAnB?j@A~@IbJiAxGs@z@KZ@h@Dd@H`@Jf@TZM^MAD?P@HaAe@q@O', 5000, '1', '1', 'Canceld', '2017-03-28 17:19:21', '2017-03-28 17:21:02'),
(15, 8, '12332123123123123', 'A7, Sana''a, اليَمَن', 'Unnamed Road, Sana''a, اليَمَن', '15.37729963243771', '44.24335121719881', '15.341583', '44.231454', 8527, '8.5 كم', 1000.1249999999999, 1000, 1000.1249999999999, 'okz|Ayg`mGi@uBt@MnCFEwAGy@dCAnB?j@A~@IbJiAxGs@z@KZ@h@Dd@H`@JfB|@tHxEjF|CzHtEnA~@dDrBpAxA`BjDtFlOt@vBRl@dBdEhAzCv@zBDj@Mh@]h@YGu@K_BCsB@uEAuADoBFwAX_Bj@sAz@gBfBo@bAy@fBcDpLq@bCy@~AuCdD[`@Ub@Sr@DFHDLAFQNe@Ve@`CuCz@aBh@gApBmHbAoDt@{B^s@b@m@t@{@tAkAdB{@d@Qj@MnAM`NCzADhAP|Al@bAt@f@j@Xj@Vh@V`Aj@~D^fCh@lBl@|ApAlCf@r@RPl@b@f@LXHr@H~AFvKDxCAb@C\\Mb@SXSV_@dAmBv@yA`@q@\\a@vAkAv@_@n@QbBSfA@jB^nAd@f@Z\\\\Z`@b@z@\\~@lApD^t@\\j@`@\\b@RTDh@?hAO|Do@tAIdCCrGE`AA?UG?FSPWZYp@Qx@c@`A_A@m@Gy@f@{A\\u@nA}AnAoAPy@BcAEg@', 5000, '1', '1', 'Canceld', '2017-03-28 17:24:46', '2017-03-28 17:27:51'),
(16, 8, '12332123123123123', 'A7, Sana''a, اليَمَن', 'Unnamed Road, Sana''a, اليَمَن', '15.37746382413001', '44.24325772565253', '15.364822', '44.227569', 4829, '4.8 كم', 555.625, 556, 555.625, 'mkz|Asg`mGk@{Bt@MnCFEwAGy@dCAnB?j@A~@IbJiAxGs@z@KZ@h@Dd@H`@JfB|@tHxEjF|CzHtEnA~@dDrBpAxA`BjDtFlOt@vBRl@dBdEhAzCv@zBDj@Mh@]h@YGu@K_BCsB@uEAuADoBFwAX_Bj@sAz@gBfBo@bAy@fBcDpLq@bCy@~AuCdD[`@Ub@Sr@DFHDLAFQNe@Ve@f@o@Z[rAz@k@pAjAr@bAh@|AdAhAt@\\q@hAwBR]zBoBbAcAV]p@d@Xg@', 5000, '1', '1', 'Canceld', '2017-03-28 17:28:16', '2017-03-28 17:28:46'),
(17, 8, '12332123123123123', 'A7, Sana''a, اليَمَن', 'Unnamed Road, Sana''a, اليَمَن', '15.3773852856973', '44.24331715334602', '15.37156', '44.239593', 1089, '1.1 كم', 400, 400, 400, 'okz|Ayg`mGbAdEf@hBbBi@x@pB|AQ`AIR@NNZl@Vx@jApBb@lA^xAHdCzH}Ad@SPQFEb@b@|@rA~@kA', 5000, '1', '1', 'Canceld', '2017-03-28 17:29:23', '2017-03-28 17:31:04'),
(18, 8, '12332123123123123', 'A7, Sana''a, اليَمَن', 'A7, Sana''a, اليَمَن', '15.37736060099246', '44.2432682030315', '15.375727', '44.243958', 266, '0.3 كم', 200, 200, 200, 'kkz|Aog`mGm@_Ct@MnCFpCF', 5000, '1', '1', 'Canceld', '2017-03-28 17:31:18', '2017-03-30 10:27:38'),
(19, 8, '12332123123123123', 'A7, Sana''a, اليَمَن', 'شارع المطار، صنعاء‎، اليَمَن', '15.37725723046083', '44.24336458164927', '15.40597', '44.213681', 7418, '7.4 كم', 889, 889, 889, 'okz|Ayg`mGi@uBgAZu@ThBrGNj@mCd@f@tCp@hBbAdBOZSlB[xBGIIN@BrEhFm@`AuEjIuEfIgB~Ca@z@MPHBHbBNzAFl@aIv@}BR}D`@gKv@wAHyBD_CCkBKkBYoPcD{CYuAGoA?cDJoD`@k@Jy@TgBh@sAp@_BbAk@h@mAvAw@tAq@nBSx@_@xAE?OBKJGV@PFLDDi@lAsD~JyAnDe@x@q@l@w@`@g@P[HqBRuKhAyFXwJj@qAVeA^{Ax@[XGHqEhGwB~CeBxB}BnDsBzCm@jA]jAUlBoMXi@?WDSTIRw@zEEr@A~@~EL|Kb@n\\|AT@', 5000, '1', '1', 'Canceld', '2017-03-30 10:28:04', '2017-03-30 11:11:50'),
(20, 8, '12332123123123123', 'A7, Sana''a, اليَمَن', 'شارع النصر، صنعاء‎، اليَمَن', '15.37731473722464', '44.2433201455441', '15.386664', '44.231221', 2497, '2.5 كم', 333.375, 333, 333.375, 'mkz|Aug`mGk@yBgAZu@ThBrGNj@mCd@f@tCp@hBbAdBOZSlB[xBGIIN@BrEhFm@`AuEjIuEfIgB~Ca@z@MPHBHbBNzAFl@aIv@}BR}D`@gKv@wAHyBDm@ABgA@_@', 5000, '1', '1', 'Canceld', '2017-03-30 11:12:08', '2017-03-30 11:22:01'),
(21, 8, '12332123123123123', 'A7, Sana''a, اليَمَن', 'A7, Sana''a, اليَمَن', '15.3774294164175', '44.24320114780613', '15.372292', '44.245604', 1000, '1.0 كم', 200, 200, 200, 'ikz|Agg`mGo@gCt@MnCFEwAGy@dCAnB?j@A~@IbJiAxGs@z@KZ@ASY?a@?kCT', 5000, '1', '1', 'Canceld', '2017-03-30 11:22:17', '2017-03-30 11:36:19'),
(22, 8, '12332123123123123', 'A7, Sana''a, اليَمَن', 'A7, Sana''a, اليَمَن', '15.37717850414606', '44.2433926742936', '15.375686', '44.244164', 284, '0.3 كم', 200, 200, 200, 'okz|Awg`mGi@wBt@MnCFpCFGk@', 5000, '1', '1', 'Canceld', '2017-03-30 11:36:38', '2017-03-30 11:45:21'),
(23, 8, '12332123123123123', 'A7, Sana''a, اليَمَن', 'A7, Sana''a, اليَمَن', '15.37733872422518', '44.24327256162115', '15.375559', '44.244965', 479, '0.5 كم', 200, 200, 200, 'kkz|Amg`mGm@aCt@MnCFEwAGy@dCAnB?j@AA]K?y@@', 5000, '1', '1', 'Canceld', '2017-03-30 11:45:40', '2017-03-30 11:54:05'),
(24, 8, '12332123123123123', 'A7, Sana''a, اليَمَن', 'A7, Sana''a, اليَمَن', '15.37740808447392', '44.24316074703284', '15.37607', '44.244586', 351, '0.4 كم', 200, 200, 200, 'ekz|A_g`mGs@oCt@MnCFpCFWiC', 5000, '1', '1', 'Canceld', '2017-03-30 11:54:30', '2017-03-30 11:57:14'),
(25, 8, '12332123123123123', 'A7, Sana''a, اليَمَن', 'A7, Sana''a, اليَمَن', '15.37730381359847', '44.24338546585687', '15.376865', '44.24372', 160, '0.2 كم', 200, 200, 200, 'qkz|A_h`mGg@oBt@M~@BRr@', 5000, '1', '1', 'Canceld', '2017-03-30 11:57:41', '2017-03-30 12:02:36'),
(26, 8, '12332123123123123', 'A7, Sana''a, اليَمَن', 'A7, Sana''a, اليَمَن', '15.37732883357944', '44.24326057549961', '15.375535', '44.245059', 478, '0.5 كم', 200, 200, 200, 'kkz|Akg`mGm@cCt@MnCFEwAGy@dCAnB?j@AA]K?s@@', 5000, '1', '1', 'Canceld', '2017-03-30 12:02:57', '2017-03-30 12:20:06'),
(27, 8, '12332123123123123', 'A7, Sana''a, اليَمَن', 'A7, Sana''a, اليَمَن', '15.37745594514103', '44.24341698181279', '15.376769', '44.244807', 594, '0.6 كم', 200, 200, 200, 'wkz|Aoh`mGa@_Bt@MnCFEwAGy@dCAnB?j@AA]K?cABgF?', 5000, '1', '1', 'Canceld', '2017-03-30 12:20:22', '2017-03-30 12:30:28'),
(28, 8, '12332123123123123', 'A7, Sana''a, اليَمَن', 'A7, Sana''a, اليَمَن', '15.37732522936107', '44.24332821745821', '15.375097', '44.24368', 530, '0.5 كم', 200, 200, 200, 'okz|Awg`mGi@wBt@MnCFEwAGy@dCAnB?j@ATjE', 5000, '1', '1', 'Canceld', '2017-03-30 12:30:44', '2017-03-30 17:02:52'),
(29, 8, '12332123123123123', 'Unnamed Road, Sana''a, Yemen', 'Al Makha St, Sana''a, Yemen', '15.3261', '44.2443', '15.295493424739357', '44.22525800764561', 7407, '7.4 km', 889, 889, 889, 'uhp|Aet_mGIDINMTEXDPNJhAF\\FBXBp@Rb@`BvB\\fAF`BGrCGdAOt@A@_A|EC\\@z@JpIAhBK`CCf@BfAeBz@{Ap@{MrEuJvCoErAWDg@LSHK@ONANBNHLPBDAnAhBjEtGLVd@`B~@jF~BfO`@~Id@jKGZBz@H|CHjBLJL?TGBE@KGw@MmCKQUcE\\o@dA[nN{AlAIr@@|HHzDDpCEfJ_ApM_BnB]fC]dBMdCWfC_@lB_@tQeFbBe@jASpEi@rCQlEMlWkAbBEfA@@_@BgA~Bo@|LcDv@WbEgAbJgAfBQTtAhAM', 5000, '1', '1', 'Canceld', '2017-03-30 12:45:24', '2017-04-06 17:19:50'),
(30, 8, '12332123123123123', 'A7, Sana''a, اليَمَن', 'شارع النصر، صنعاء‎، اليَمَن', '15.37741089846219', '44.24333167822574', '15.385643', '44.23089', 2389, '2.4 كم', 333.375, 333, 333.375, 'qkz|A}g`mGg@qBgAZu@ThBrGNj@mCd@f@tCp@hBbAdBOZSlB[xBGIIN@BrEhFm@`AuEjIuEfIgB~Ca@z@MPHBHbBNzAFl@aIv@}BR}D`@gKv@wAHg@?Bk@', 5000, '1', '1', 'Canceld', '2017-03-30 17:06:18', '2017-03-30 17:25:23'),
(31, 8, '12332123123123123', 'A7, Sana''a, اليَمَن', 'شارع النصر، صنعاء‎، اليَمَن', '15.37742748857977', '44.24323475923784', '15.389473', '44.231771', 2832, '2.8 كم', 333.375, 333, 333.375, 'kkz|Amg`mGm@aCgAZu@ThBrGNj@mCd@f@tCp@hBbAdBOZSlB[xBGIIN@BrEhFm@`AuEjIuEfIgB~Ca@z@MPHBHbBNzAFl@aIv@}BR}D`@gKv@wAHyBD_CCkBKkBY{JoB', 5000, '1', '1', 'Canceld', '2017-03-30 17:26:35', '2017-03-30 17:28:08'),
(32, 8, '12332123123123123', 'A7, Sana''a, اليَمَن', 'شارع النصر، صنعاء‎، اليَمَن', '15.3774471441427', '44.24328404482849', '15.388651', '44.229086', 3314, '3.3 كم', 444.5, 444, 444.5, 'okz|Awg`mGi@wBgAZu@ThBrGNj@mCd@f@tCp@hBbAdBOZSlB[xBGIIN@BrEhFm@`AuEjIuEfIgB~Ca@z@MPHBHbBNzAFl@aIv@}BR}D`@I?JXlAnNHnBQ`EiFg@kFMyBBaAG_Bm@eBs@sCqAJiA@i@?KyBs@yAm@', 5000, '1', '1', 'Canceld', '2017-03-30 17:29:00', '2017-03-30 17:36:09'),
(33, 8, '12332123123123123', 'A7, Sana''a, اليَمَن', 'شارع النصر، صنعاء‎، اليَمَن', '15.37737241947593', '44.24333182167657', '15.387288', '44.232986', 2811, '2.8 كم', 333.375, 333, 333.375, 'okz|A{g`mGi@sBgAZu@ThBrGNj@mCd@f@tCp@hBbAdBOZSlB[xBGIIN@BrEhFm@`AuEjIuEfIgB~Ca@z@MPHBHbBNzAFl@aIv@}BR}D`@gKv@wAHyBD_CCkBKq@KGAFoBRsCb@sBLs@', 5000, '1', '1', 'Canceld', '2017-03-30 17:38:13', '2017-03-30 17:41:40'),
(34, 8, '12332123123123123', 'A7, Sana''a, اليَمَن', 'شارع النصر، صنعاء‎، اليَمَن', '15.37741290406825', '44.24326870594569', '15.388368', '44.230988', 2688, '2.7 كم', 333.375, 333, 333.375, 'mkz|Aqg`mGk@}BgAZu@ThBrGNj@mCd@f@tCp@hBbAdBOZSlB[xBGIIN@BrEhFm@`AuEjIuEfIgB~Ca@z@MPHBHbBNzAFl@aIv@}BR}D`@gKv@wAHyBD_CCkBKkBYgCe@', 5000, '1', '1', 'Canceld', '2017-03-30 17:41:58', '2017-03-30 17:46:15'),
(35, 8, '12332123123123123', 'A7, Sana''a, اليَمَن', 'Golden St, Sana''a, اليَمَن', '15.37746944000514', '44.24327038232632', '15.352155', '44.209485', 9254, '9.3 كم', 1111.25, 1111, 1111.25, 'okz|Aug`mGi@yBt@MnCFEwAGy@dCAnB?j@A~@IbJiAxGs@z@KZ@h@Dd@H`@JfB|@tHxEjF|CzHtEnA~@dDrBpAxA`BjDtFlOt@vBRl@dBdEhAzCv@zBDj@Mh@]h@YGu@K_BCsB@uEAuADoBFwAX_Bj@sAz@gBfBo@bAy@fBcDpLq@bCy@~AuCdD[`@Ub@Sr@SlAClAa@jMG`DI|AWrKWdIWpII~CEv@A~GAdHBjFoEOMB_@?{@DtBh@t@^RNR\\P`@Lb@Bf@@tCB~ADf@JXZf@f@^t@b@h@XnBf@pBj@~@RjADp@A~@ItAY\\OZc@h@yAv@oC\\{@\\c@d@_@j@Sf@GrAAvFBdIJdFDvEIvAOhACj@B\\HnBx@n@XHBh@J~AL~CT`AJnAT~@L^Db@EbB?|AOjBQb@[d@g@`@e@`AmAl@_@`@Kh@MzABrB\\h@HD?CXB|BJfBWVm@`@uAJBnA}@?CDyA@KBMHS@g@DYCCgAP?P?FIDSrAk@ZIHICs@', 5000, '1', '1', 'Canceld', '2017-03-30 17:47:34', '2017-03-30 17:50:05'),
(36, 8, '12332123123123123', 'A7, Sana''a, اليَمَن', 'R1001, اليَمَن', '15.37747132593335', '44.24322428185888', '15.359148', '44.314523', 9590, '9.6 كم', 1111.25, 1111, 1111.25, 'kkz|Amg`mGm@aCt@MnCFEwAGy@dCAnB?j@AA]K?cAB_K?qFAaAH_APaBb@uBl@Oe@{FkJmAsB]y@q@yB}BuHg@qAq@iAsAgCg@w@_DgFk@eAWo@YsAOcASkA[w@cAmBgDkGmAoB_DuD}@_AgFmFa@w@?a@Lm@~@}AN]J[Hc@`@mHLqAFoBKqBGe@q@sBKa@Iu@?c@DWRe@p@cCVqABk@KiAqAuEc@gBSyCKaASy@mAiCg@aBGyAAgBIuA_@wAa@cAQk@Ei@Es@?k@Bs@Lu@T}@x@}B\\qAF]DiAHyBJe@Na@V_@j@e@lAy@fBsAbA_An@u@`B}Bv@kAh@eAXq@No@^cBRuBLqCHaA^gAv@uBfEsOd@aBRc@Z_@dBoBb@q@Jm@C[c@uB_@uBMgA?_ARy@x@oBP[n@s@j@{@~@uBjCgGlAyCl@gBd@mAXc@~@eApByBfHiIdDiDR]Lm@@aAS}A[{@QU_@Yo@[wAi@}@Wa@[Q]Ms@SuA]eAi@yAGk@HkCJqCFmBVaAx@sBNg@ZuCD[LO\\k@XUh@Y|@]VSn@}@l@mBRu@J}@@}@EwADq@Lm@Z{@P}@VqAXkCF{B@g@', 5000, '1', '1', 'Canceld', '2017-03-30 17:51:00', '2017-03-30 18:53:18'),
(37, 8, '12332123123123123', 'A7, Sana''a, اليَمَن', 'شارع النصر، صنعاء‎، اليَمَن', '15.3773165555395', '44.24347533759777', '15.386056', '44.23111', 2478, '2.5 كم', 333.375, 333, 333.375, 'wkz|Aoh`mGa@_BgAZu@ThBrGNj@mCd@f@tCp@hBbAdBOZSlB[xBGIIN@BrEhFm@`AuEjIuEfIgB~Ca@z@MPHBHbBNzAFl@aIv@}BR}D`@gKv@wAHyBDm@ABgA@W', 5000, '1', '1', 'Created', '2017-03-30 18:53:39', '2017-03-30 18:53:39'),
(38, 8, '12332123123123123', 'A7, Sana''a, اليَمَن', 'A9, Sana''a, اليَمَن', '15.37740586326958', '44.24327909950562', '15.354397', '44.234636', 7493, '7.5 كم', 889, 889, 889, 'mkz|Asg`mGk@{Bt@MnCFEwAGy@dCAnB?j@A~@IbJiAxGs@z@KZ@h@Dd@H`@JfB|@tHxEjF|CzHtEnA~@dDrBpAxA`BjDtFlOt@vBRl@dBdEhAzCv@zBDj@Mh@]h@YGu@K_BCsB@uEAuADoBFwAX_Bj@sAz@gBfBo@bAy@fBcDpLq@bCy@~AuCdD[`@Ub@Sr@DFHDLAFQNe@Ve@`CuCz@aBh@gApBmHbAoDt@{B^s@b@m@t@{@tAkAdB{@d@Qj@MnAM`NCzADhAP|Al@bAt@f@j@Xj@Vh@V`Aj@~D^fCh@lBl@|ApAlCf@r@RPl@b@f@LXHr@H~AFvKDxCAb@C\\Mb@SXSV_@dAmBv@yA`@q@\\a@vAkA`@UIQS{BAa@HaATcA\\cAZsAHi@?UC]YkAKc@]_@o@i@q@[u@I}@OkBE[HYR', 5000, '1', '1', 'Canceld', '2017-03-30 19:14:29', '2017-03-30 19:16:27'),
(39, 8, '12332123123123123', 'A7, Sana''a, اليَمَن', 'اتجاه روابي، صنعاء‎، اليَمَن', '15.37740586326958', '44.24327909950562', '15.367692', '44.2474', 1333, '1.3 كم', 400, 400, 400, 'mkz|Asg`mGk@{Bt@MnCFEwAGy@dCAnB?j@A~@IbJiAxGs@z@KZ@h@Dd@H`@Jf@TZMj@U`C{@pEsBrAu@fBo@', 5000, '1', '1', 'Canceld', '2017-03-30 19:16:39', '2017-03-30 19:21:55'),
(40, 8, '12332123123123123', 'A7, Sana''a, اليَمَن', 'مدخل مدينه روابي، صنعاء‎، اليَمَن', '15.37740586326958', '44.24327909950562', '15.371584', '44.246616', 1004, '1.0 كم', 400, 400, 400, 'mkz|Asg`mGk@{Bt@MnCFEwAGy@dCAnB?j@A~@IbJiAxGs@z@KZ@EkAQkAa@kAEI', 5000, '1', '1', 'Canceld', '2017-03-30 19:22:12', '2017-03-30 19:28:41'),
(41, 8, '12332123123123123', 'A7, Sana''a, اليَمَن', 'اتجاه روابي، صنعاء‎، اليَمَن', '15.37740925794037', '44.24330776561447', '15.368927', '44.249293', 1683, '1.7 كم', 400, 400, 400, 'okz|Ayg`mGi@uBt@MnCFEwAGy@dCAnB?j@A~@IbJiAxGs@z@KZ@h@Dd@H`@Jf@TZMj@U?G@GLWBc@EEu@s@m@cAa@y@dB_@~D{@\\MACaE{GHAtBYfBA', 5000, '1', '1', 'Created', '2017-03-30 19:29:06', '2017-03-30 19:29:06'),
(42, 8, '12332123123123123', 'A7, Sana''a, اليَمَن', 'Unnamed Road, اليَمَن', '15.37730829791667', '44.24367296513565', '15.362382', '44.251405', 10405, '10.4 كم', 1222.375, 1222, 1222.375, 'clz|Asi`mGU{@t@MnCFEwAGy@dCAnB?j@A~@IbJiAxGs@z@KZ@h@Dd@H`@JfB|@tHxEjF|CzHtEnA~@dDrBpAxA`BjDtFlOt@vBRl@dBdEhAzCv@zBDj@Mh@]h@YGu@K_BCsB@uEAuADoBFwAX_Bj@sAz@gBfBo@bAy@fBcDpLq@bCy@~AuCdD[`@Ub@Sr@DFHDLAFQNe@Ve@`CuCz@aBh@gApBmHbAoDt@{B^s@b@m@t@{@tAkAdB{@d@Qj@MnAM`NCzADhAP|Al@bAt@f@j@Xj@Vh@V`Aj@~D^fCh@lBl@|ApAlCf@r@RPl@b@f@LXHr@H~AFvKDxCAb@C\\Mb@SXSV_@dAmBv@yA`@q@\\a@vAkA`@UIQS{BAa@HaATcA\\cAZsAHi@?UC]YkAKc@]_@o@i@q@[u@I]Ga@mBgDqI{BcHs@[uAD{PjDi@DAgAMy@IyA@oAFi@d@eDHk@TWPJn@bAV`@PLj@SlAgC|BwEXaA@c@Hk@By@E}@Q_@O}@@q@Jk@i@_@wAg@a@y@Ui@{@I{@AqBo@e@YyBUyBYYUYw@Y{@mAyAm@{@Ac@EaAHm@GwAGu@k@m@eAi@i@m@E{@Km@o@iCQ]c@i@I[Ck@RmAXiAa@_AKe@', 5000, '1', '1', 'Created', '2017-03-30 19:33:19', '2017-03-30 19:33:19'),
(43, 8, '12332123123123123', 'A7, Sana''a, اليَمَن', 'A7, Sana''a, اليَمَن', '15.37734978833737', '44.24337012697406', '15.384836', '44.225222', 3000, '3.0 كم', 333.375, 333, 333.375, 'qkz|A_h`mGg@oBgAZu@ThBrGNj@mCd@f@tCp@hBbAdBOZSlB[xBGIIN@BrEhFm@`AuEjIuEfIgB~Ca@z@MPHBHbBNzAFl@aIv@}BR}D`@I?JXlAnNHnBQ`EQdE@^\\`CBRuBBsBBs@?cA[mBk@', 5000, '1', '1', 'Canceld', '2017-03-30 19:40:26', '2017-03-30 19:44:33'),
(44, 8, '12332123123123123', 'A7, Sana''a, اليَمَن', 'مدخل مدينه روابي، صنعاء‎، اليَمَن', '15.37740946748795', '44.24327566292532', '15.376443', '44.249939', 1278, '1.3 كم', 400, 400, 400, 'mkz|Asg`mGk@{Bt@MnCFEwAGy@dCAnB?j@AA]K?cABwE?YaCY{BWwAq@qDDECOWuBOiAxC{AhCcAGiBm@X', 5000, '1', '1', 'Canceld', '2017-03-30 19:44:45', '2017-03-30 19:54:52'),
(45, 8, '12332123123123123', 'A7, Sana''a, اليَمَن', 'A7, Sana''a, اليَمَن', '15.3774094186343', '44.24338078657687', '15.38449', '44.233063', 3229, '3.2 كم', 444.5, 444, 444.5, 'skz|Aeh`mGe@iBgAZu@ThBrGNj@mCd@f@tCp@hBbAdBOZSlB[xBGI_CcCWc@eB_GOF`AlDb@zAVd@vAvA{@?sAFqBDgA@]?@n@q@Ji@TD~C?n@oCt@aA`@}BXiCj@a@Pg@DiBA_@{DU@}NLInCCbCQlCWrCxBG@fBhBL|AVd@I^YNGT?TDLRaA~CNZZM', 5000, '1', '1', 'Canceld', '2017-03-31 15:50:09', '2017-03-31 15:53:59'),
(46, 8, '12332123123123123', 'A7, Sana''a, اليَمَن', 'A7, Sana''a, اليَمَن', '15.37740100467216', '44.24331379201432', '15.374773', '44.24493', 1274, '1.3 كم', 400, 400, 400, 'okz|Ayg`mGi@uBt@MnCFEwAGy@dCAnB?j@A~@IbJiAxGs@z@KZ@ASY?a@?wHt@iIbA', 5000, '1', '1', 'Canceld', '2017-03-31 15:55:58', '2017-03-31 15:57:41'),
(47, 8, '12332123123123123', 'A7, Sana''a, اليَمَن', 'A7, Sana''a, اليَمَن', '15.37741365843953', '44.24329745587357', '15.375477', '44.243538', 337, '0.3 كم', 200, 200, 200, 'okz|Awg`mGbA~DnBs@tDoA]wA', 5000, '1', '1', 'Canceld', '2017-03-31 15:58:23', '2017-03-31 15:58:34'),
(48, 8, '12332123123123123', 'A7, Sana''a, اليَمَن', 'A7, Sana''a, اليَمَن', '15.37742170506658', '44.24329636622615', '15.376672', '44.243205', 224, '0.2 كم', 200, 200, 200, 'okz|Awg`mGi@wBt@M~@Bx@xC', 5000, '1', '1', 'Canceld', '2017-03-31 15:59:26', '2017-03-31 16:04:12'),
(49, 8, '12332123123123123', 'A7, Sana''a, اليَمَن', 'A7, Sana''a, اليَمَن', '15.37746868563385', '44.24327080142148', '15.376625', '44.24363', 185, '0.2 كم', 200, 200, 200, 'okz|Aug`mGi@yBt@M~@B^rA', 5000, '1', '1', 'Canceld', '2017-03-31 16:04:40', '2017-03-31 16:05:46'),
(50, 8, '12332123123123123', 'A7, Sana''a, اليَمَن', 'A7, Sana''a, اليَمَن', '15.37735831942336', '44.24323399392143', '15.377104', '44.243396', 7, '7 م', 200, 200, 200, 'ikz|Agg`mGCK', 5000, '1', '1', 'Canceld', '2017-03-31 16:11:12', '2017-03-31 16:13:35'),
(51, 8, '12332123123123123', 'A7, Sana''a, اليَمَن', 'A7, Sana''a, اليَمَن', '15.37742656657042', '44.24332595434435', '15.371515', '44.245095', 828, '0.8 كم', 200, 200, 200, 'qkz|A}g`mGg@qBt@MnCFEwAGy@dCAnB?j@A~@IbJiApHw@', 5000, '1', '1', 'Canceld', '2017-03-31 16:14:13', '2017-03-31 16:20:50'),
(52, 8, '12332123123123123', 'A7, Sana''a, اليَمَن', 'A7, Sana''a, اليَمَن', '15.37739526016207', '44.24331170510896', '15.374533', '44.241911', 729, '0.7 كم', 200, 200, 200, 'okz|Awg`mGi@wBt@MnCFEwAGy@dCAnB?j@AFnBV~ClBxG', 5000, '1', '1', 'Canceld', '2017-03-31 16:21:14', '2017-03-31 16:24:14'),
(53, 8, '12332123123123123', 'A7, Sana''a, اليَمَن', 'A7, Sana''a, اليَمَن', '15.37739526016207', '44.24331170510896', '15.374662', '44.241725', 742, '0.7 كم', 200, 200, 200, 'okz|Awg`mGi@wBt@MnCFEwAGy@dCAnB?j@AFnBV~CvBnH', 5000, '1', '1', 'Canceld', '2017-03-31 16:26:40', '2017-03-31 16:33:05'),
(54, 8, '12332123123123123', 'A7, Sana''a, اليَمَن', 'شارع النصر، صنعاء‎، اليَمَن', '15.37737908308895', '44.2433094419951', '15.392669', '44.232475', 3237, '3.2 كم', 444.5, 444, 444.5, 'okz|Awg`mGi@wBgAZu@ThBrGNj@mCd@f@tCp@hBbAdBOZSlB[xBGIIN@BrEhFm@`AuEjIuEfIgB~Ca@z@MPHBHbBNzAFl@aIv@}BR}D`@gKv@wAHyBD_CCkBKkBYoPcD{CYuAGoA?y@@EeB@Qk@[', 5000, '1', '1', 'Canceld', '2017-03-31 16:39:35', '2017-03-31 16:40:13'),
(55, 8, '12332123123123123', 'A7, Sana''a, اليَمَن', 'شارع النصر، صنعاء‎، اليَمَن', '15.37739999764072', '44.24331703751675', '15.386207', '44.231626', 2544, '2.5 كم', 333.375, 333, 333.375, 'okz|Ayg`mGi@uBgAZu@ThBrGNj@mCd@f@tCp@hBbAdBOZSlB[xBGIIN@BrEhFm@`AuEjIuEfIgB~Ca@z@MPHBHbBNzAFl@aIv@}BR}D`@gKv@wAHyBDm@ABgALyB', 5000, '1', '1', 'Canceld', '2017-03-31 16:49:21', '2017-03-31 17:14:03'),
(56, 8, '12332123123123123', 'A7, Sana''a, اليَمَن', 'A7, Sana''a, اليَمَن', '15.37724245337414', '44.24330865143631', '15.373322', '44.245944', 1313, '1.3 كم', 400, 400, 400, 'kkz|Amg`mGm@aCt@MnCFEwAGy@dCAnB?j@A~@IbJiAxGs@z@KZ@ASY?a@?wHt@mCZKiC@AnBM', 5000, '1', '1', 'Canceld', '2017-03-31 17:14:27', '2017-03-31 17:16:34'),
(57, 8, '12332123123123123', 'A7, Sana''a, اليَمَن', 'A7, Sana''a, اليَمَن', '15.3773929551387', '44.243330312934', '15.37591', '44.243797', 267, '0.3 كم', 200, 200, 200, 'qkz|A{g`mGg@sBt@MnCFpCFDN', 5000, '1', '1', 'Canceld', '2017-03-31 17:16:54', '2017-03-31 17:18:57'),
(58, 8, '12332123123123123', 'A7, Sana''a, اليَمَن', 'A7, Sana''a, اليَمَن', '15.3773929551387', '44.243330312934', '15.373881', '44.245036', 568, '0.6 كم', 200, 200, 200, 'qkz|A{g`mGg@sBt@MnCFEwAGy@dCAnB?j@A~@IhEi@', 5000, '1', '1', 'Canceld', '2017-03-31 17:19:20', '2017-03-31 17:23:47'),
(59, 8, '12332123123123123', 'A7, Sana''a, اليَمَن', 'A7, Sana''a, اليَمَن', '15.3774437075624', '44.24313828353234', '15.376235', '44.243754', 235, '0.2 كم', 200, 200, 200, 'ekz|A}f`mGs@qCt@MnCFfAB', 5000, '1', '1', 'Created', '2017-03-31 17:24:31', '2017-03-31 17:24:31'),
(60, 8, '12332123123123123', 'A7, Sana''a, اليَمَن', 'شارع النصر، صنعاء‎، اليَمَن', '15.37735736688812', '44.24332952768255', '15.390747', '44.231089', 4856, '4.9 كم', 555.625, 556, 555.625, 'okz|Ayg`mGi@uBgAZu@ThBrGNj@mCd@f@tCp@hBbAdBOZSlB[xBGIIN@BrEhFm@`AuEjIuEfIgB~Ca@z@MPHBHbBNzAFl@aIv@}BR}D`@gKv@wAHyBD_CCkBKkBYoPcD{CYuAGoA?cDJoD`@k@Jy@TgBh@sAp@_BbAk@h@mAvAw@tAq@nBSx@_@xAE?OBKJGV@PFLLHRBNEFGFQ?SCMKMb@qBb@}A\\{@p@kAjAuAtAiAz@g@pD~AXQhBk@j@Sr@InBU~BKl@B|ANt@NZH', 5000, '1', '1', 'Canceld', '2017-03-31 18:23:03', '2017-03-31 18:24:06'),
(61, 8, '12332123123123123', 'A7, Sana''a, اليَمَن', 'شارع الشيخ زايد بن سلطان، صنعاء‎، اليَمَن', '15.37735911490091', '44.24332951690894', '15.396553', '44.226649', 4364, '4.4 كم', 555.625, 556, 555.625, 'okz|Ayg`mGi@uBgAZu@ThBrGNj@mCd@f@tCp@hBbAdBOZSlB[xBGIIN@BrEhFm@`AuEjIuEfIgB~Ca@z@MPHBHbBNzAFl@aIv@}BR}D`@gKv@wAHyBD_CCkBKkBYoPcD{CYuAGoA?cDJoD`@k@Jy@TgBh@sAp@_BbAk@h@mAvAw@tAq@nBSx@_@xAE?OBKJGV@PFLLHRBNE\\H`AZzFbCu@hBk@pAiDqA', 5000, '1', '1', 'Canceld', '2017-04-06 16:49:17', '2017-04-06 17:28:52'),
(62, 8, '12332123123123123', 'Unnamed Road, Sana''a, Yemen', 'Unnamed Road, Sana''a, Yemen', '15.3261', '44.2443', '15.311018638056655', '44.238143004477024', 3103, '3.1 km', 444.5, 444, 444.5, 'uhp|Aet_mGIDINMTEXDPNJhAF\\FBXBp@Rb@`BvB\\fAbBbAlBpAhAp@l@VdAVTFL\\^vAzB|LZXLHdAJlAHoCnCcAd@aA^q@TJ\\xBw@bAe@XYl@k@^_@fM{MLKHHR@LEJKFe@TW`EmEhAeAnB}AzAkAHLb@BxDuANGpB~Gr@hChFqAfBc@XhA~Ac@u@}CbBg@', 5000, '1', '1', 'Canceld', '2017-04-06 17:20:38', '2017-04-09 09:51:54'),
(63, 8, '12332123123123123', 'A7, Sana''a, اليَمَن', 'اتجاه روابي، صنعاء‎، اليَمَن', '15.37731776946725', '44.24330298792966', '15.369637', '44.245935', 1150, '1.2 كم', 400, 400, 400, 'mkz|Aqg`mGk@}Bt@MnCFEwAGy@dCAnB?j@A~@IbJiAxGs@z@KZ@h@Dd@H`@Jf@TZMj@U?G@GLWBc@EEk@i@fBm@', 5000, '1', '1', 'Canceld', '2017-04-06 17:29:08', '2017-04-06 17:32:23'),
(64, 8, '12332123123123123', 'A7, Sana''a, اليَمَن', 'A7, Sana''a, اليَمَن', '15.37730075420381', '44.24337398264952', '15.375259', '44.242114', 396, '0.4 كم', 200, 200, 200, 'qkz|A}g`mGdAhEf@hBbBi@x@pB|AQ`AI', 5000, '1', '1', 'Canceld', '2017-04-06 17:36:17', '2017-04-06 17:36:32'),
(65, 8, '12332123123123123', 'A7, Sana''a, اليَمَن', 'Unnamed Road, Sana''a, اليَمَن', '15.37728933647004', '44.24329825854851', '15.354834', '44.24214', 9034, '9.0 كم', 1111.25, 1111, 1111.25, 'kkz|Aog`mGm@_Ct@MnCFEwAGy@dCAnB?j@A~@IbJiAxGs@z@KZ@h@Dd@H`@JfB|@tHxEjF|CzHtEnA~@dDrBpAxA`BjDtFlOt@vBRl@dBdEhAzCv@zBDj@Mh@]h@YGu@K_BCsB@uEAuADoBFwAX_Bj@sAz@gBfBo@bAy@fBcDpLq@bCy@~AuCdD[`@Ub@Sr@DFHDLAFQNe@Ve@`CuCz@aBh@gApBmHbAoDt@{B^s@b@m@t@{@tAkAdB{@d@Qj@MnAM`NCzADhAP|Al@bAt@f@j@Xj@Vh@V`Aj@~D^fCh@lBl@|ApAlCf@r@RPl@b@f@LXHr@H~AFvKDxCAb@C\\Mb@SXSV_@dAmBv@yA`@q@\\a@vAkA`@UIQS{BAa@HaATcA\\cAZsAHi@?UC]YkAKc@]_@o@i@q@[u@I]Ga@mBgDqI{BcHs@[uAD{PjDi@DAgAMy@IyA@oAFi@d@eDHk@TWPJn@bAV`@PLj@SlAgC|BwEXaA@c@Hk@@eA', 5000, '1', '1', 'Canceld', '2017-04-06 17:41:46', '2017-04-06 17:46:05'),
(66, 8, '12332123123123123', 'A7, Sana''a, اليَمَن', '1001, Sana''a, اليَمَن', '15.37739078024795', '44.2433282972264', '15.380286', '44.248519', 1298, '1.3 كم', 400, 400, 400, 'okz|A{g`mGi@sBt@MnCFEwAGy@dCAnB?j@AA]K?cAB_K?qFAaAHWDwAaHk@gCWsA[uBSaAQy@', 5000, '1', '1', 'Canceld', '2017-04-06 17:47:45', '2017-04-06 17:52:03'),
(67, 8, '12332123123123123', 'A7, Sana''a, اليَمَن', 'اتجاه روابي، صنعاء‎، اليَمَن', '15.37733289880248', '44.24333760518976', '15.366646', '44.24765', 1425, '1.4 كم', 400, 400, 400, 'okz|Ayg`mGi@uBt@MnCFEwAGy@dCAnB?j@A~@IbJiAxGs@z@KZ@h@Dd@H`@Jf@TZMj@U`C{@pEsBrAu@fBo@v@MnBC', 5000, '1', '1', 'Created', '2017-04-06 17:53:17', '2017-04-06 17:53:17'),
(68, 8, '12332123123123123', 'A7, Sana''a, اليَمَن', 'A7, Sana''a, اليَمَن', '15.37730671303941', '44.24333302818636', '15.383441', '44.234475', 4498, '4.5 كم', 555.625, 556, 555.625, 'okz|Aug`mGi@yBt@MnCFEwAGy@dCAnB?j@AA]K?cAB_K?qFAaAH_APaBb@uBl@Oe@{FkJmAsB]y@q@yB}BuHg@qAq@iAsAgCg@w@_BiC~@jBv@|AfCrEf@pAn@~B|BnH^x@lArBxFnJHTiBN{DRkKHqABaDE]?MJCP?NDBb@pA`DfTfBrLFjAzAtQ', 5000, '1', '1', 'Created', '2017-04-06 17:56:04', '2017-04-06 17:56:04'),
(69, 8, '12332123123123123', 'A7, Sana''a, اليَمَن', 'شارع النصر، صنعاء‎، اليَمَن', '15.37737061040699', '44.24330295429026', '15.391534', '44.233903', 3398, '3.4 كم', 444.5, 444, 444.5, 'mkz|Aug`mGk@yBgAZu@ThBrGNj@mCd@f@tCp@hBbAdBOZSlB[xBGIIN@BrEhFm@`AuEjIuEfIgB~Ca@z@MPHBHbBNzAFl@aIv@}BR}D`@gKv@wAHyBD_CCkBKkBYoPcD{CYuAGoA?y@@EeBBg@^q@jCiEBS', 5000, '1', '1', 'Created', '2017-04-06 17:57:48', '2017-04-06 17:57:48'),
(70, 8, '12332123123123123', 'A7, Sana''a, اليَمَن', 'Unnamed Road, Sana''a, اليَمَن', '15.37731173449697', '44.24326954413601', '15.391796', '44.240855', 3670, '3.7 كم', 444.5, 444, 444.5, 'kkz|Akg`mGm@cCgAZu@ThBrGNj@mCd@f@tCp@hBbAdBOZSlB[xBGI_CcCWc@eB_GOF`AlDb@zAVd@vAvA{@?sAFqBDgA@]?@n@q@Ji@TD~C?n@oCt@aA`@}BXiCj@a@Pg@DiBA_@{DU@}NLcSd@qCFEjHaCMJeCW@GeCHyBGCwA@ToDBcCC_@i@{A', 5000, '1', '1', 'Canceld', '2017-04-06 18:01:23', '2017-04-06 18:03:07'),
(71, 8, '12332123123123123', 'A7, Sana''a, اليَمَن', 'A7, Sana''a, اليَمَن', '15.37732807920815', '44.24331698570796', '15.373674', '44.24581', 1269, '1.3 كم', 400, 400, 400, 'mkz|Aug`mGk@yBt@MnCFEwAGy@dCAnB?j@A~@IbJiAxGs@z@KZ@ASY?a@?wHt@mCZKiC@Af@E', 5000, '1', '1', 'Canceld', '2017-04-06 18:06:03', '2017-04-06 18:06:20'),
(72, 8, '12332123123123123', 'A7, Sana''a, اليَمَن', 'A7, Sana''a, اليَمَن', '15.37732807920815', '44.24331698570796', '15.378299', '44.244107', 192, '0.2 كم', 200, 200, 200, 'mkz|Aug`mGk@yBgAZu@Ta@qA', 5000, '1', '1', 'Canceld', '2017-04-06 18:08:39', '2017-04-06 18:08:47'),
(73, 8, '12332123123123123', 'A7, Sana''a, اليَمَن', 'شارع 26، صنعاء‎، اليَمَن', '15.37732807920815', '44.24331698570796', '15.381464', '44.233311', 1793, '1.8 كم', 400, 400, 400, 'mkz|Aug`mGk@yBgAZu@ThBrGNj@mCd@f@tCp@hBbAdBOZSlB[xBGIIN@BrEhFm@`AgBbDqBoA[Ic@?wB@?p@ETU^kBjDiAlB_CfEkBdDe@[', 5000, '1', '1', 'Canceld', '2017-04-06 18:11:47', '2017-04-06 18:12:13'),
(74, 8, '12332123123123123', 'A7, Sana''a, اليَمَن', 'Unnamed Road, Sana''a, اليَمَن', '15.37737472403244', '44.24331594239873', '15.38943', '44.240773', 4334, '4.3 كم', 555.625, 556, 555.625, 'okz|Awg`mGi@wBt@MnCFEwAGy@dCAnB?j@AA]K?cAB_K?qFAaAH_APaBb@uBl@Oe@{FkJmAsB]y@q@yB}BuHg@qAq@iAsAgCg@w@_BiC~@jBv@|AfCrEf@pAn@~B|BnH^x@lArBxFnJHTiBN{DRkKHqABaDE]?QLyBBcLXqJNIxDWjJrCM', 5000, '1', '1', 'Canceld', '2017-04-06 18:15:46', '2017-04-06 18:16:07'),
(75, 8, '12332123123123123', 'A7, Sana''a, اليَمَن', 'A7, Sana''a, اليَمَن', '15.37748477888794', '44.24329879697807', '15.372619', '44.242148', 949, '0.9 كم', 200, 200, 200, 'qkz|A{g`mGg@sBt@MnCFEwAGy@dCAnB?j@AFnBV~Ct@hCzB_@`E{@d@hB|@`APL', 5000, '1', '1', 'Canceld', '2017-04-06 18:17:38', '2017-04-06 18:17:53'),
(76, 8, '12332123123123123', 'A7, Sana''a, اليَمَن', 'شارع النصر، صنعاء‎، اليَمَن', '15.37756331732066', '44.24326761629828', '15.386451', '44.231074', 2437, '2.4 كم', 333.375, 333, 333.375, 'wmz|Aag`mGi@qBu@ThBrGNj@mCd@f@tCp@hBbAdBOZSlB[xBGIIN@BrEhFm@`AuEjIuEfIgB~Ca@z@MPHBHbBNzAFl@aIv@}BR}D`@gKv@wAHyBDm@ABgA?G', 5000, '1', '1', 'Canceld', '2017-04-06 18:21:35', '2017-04-06 18:46:11'),
(77, 8, '12332123123123123', 'A7, Sana''a, اليَمَن', 'Unnamed Road, Sana''a, اليَمَن', '15.37738856718532', '44.24332755323803', '15.388279', '44.234733', 2983, '3.0 كم', 333.375, 333, 333.375, 'okz|A{g`mGi@sBgAZu@ThBrGNj@mCd@f@tCp@hBbAdBOZSlB[xBGI_CcCWc@eB_GOF`AlDb@zAVd@vAvA{@?sAFqBDgA@]?@n@q@Ji@TD~C?n@oCt@aA`@}BXiCj@a@Pg@DiBA_@{DU@}NLsGNFzC_DPCvFFbB', 5000, '1', '1', 'Canceld', '2017-04-06 18:48:24', '2017-04-06 18:51:30'),
(78, 8, '12332123123123123', 'A7, Sana''a, اليَمَن', 'A7, Sana''a, اليَمَن', '15.37737994324793', '44.24331827795424', '15.373954', '44.243766', 847, '0.8 كم', 200, 200, 200, 'okz|Ayg`mGi@uBt@MnCFEwAGy@dCAnB?j@AFnBV~Ct@hCzB_@o@cC~Aa@', 5000, '1', '1', 'Canceld', '2017-04-06 18:52:02', '2017-04-06 19:16:50'),
(79, 8, '12332123123123123', 'A7, Sana''a, اليَمَن', 'A7, Sana''a, اليَمَن', '15.37732802451676', '44.24322815301806', '15.384411', '44.234383', 3162, '3.2 كم', 444.5, 444, 444.5, 'ikz|Aeg`mGo@iCgAZu@ThBrGNj@mCd@f@tCp@hBbAdBOZSlB[xBGI_CcCWc@eB_GOF`AlDb@zAVd@vAvA{@?sAFqBDgA@]?@n@q@Ji@TD~C?n@oCt@aA`@}BXiCj@a@Pg@DiBA_@{DU@}NLInCCbCQlCWrCxBG@fBhBL|AVd@I^YNGT?TDLRCoA', 5000, '1', '1', 'Canceld', '2017-04-06 19:17:09', '2017-04-06 19:19:33'),
(80, 8, '12332123123123123', 'A7, Sana''a, اليَمَن', 'A7, Sana''a, اليَمَن', '15.37747296040447', '44.2432872299517', '15.373286', '44.245074', 635, '0.6 كم', 200, 200, 200, 'okz|Ayg`mGi@uBt@MnCFEwAGy@dCAnB?j@A~@I|HaA', 5000, '1', '1', 'Canceld', '2017-04-06 19:19:50', '2017-04-06 19:22:21'),
(81, 8, '12332123123123123', 'A7, Sana''a, اليَمَن', 'شارع النصر، صنعاء‎، اليَمَن', '15.37730819397857', '44.24333618813156', '15.391693', '44.230794', 4762, '4.8 كم', 555.625, 556, 555.625, 'okz|Awg`mGi@wBgAZu@ThBrGNj@mCd@f@tCp@hBbAdBOZSlB[xBGIIN@BrEhFm@`AuEjIuEfIgB~Ca@z@MPHBHbBNzAFl@aIv@}BR}D`@gKv@wAHyBD_CCkBKkBYoPcD{CYuAGoA?cDJoD`@k@Jy@TgBh@sAp@_BbAk@h@mAvAw@tAq@nBSx@_@xAE?OBKJGV@PFLLHRBNEFGFQ?SCMKMb@qBb@}A\\{@p@kAjAuAtAiAz@g@pD~AXQhBk@j@Sr@InBU~BKv@D', 5000, '1', '1', 'Created', '2017-04-07 09:24:28', '2017-04-07 09:24:28'),
(82, 8, '12332123123123123', 'A7, Sana''a, اليَمَن', 'شارع النصر، صنعاء‎، اليَمَن', '15.37739324850531', '44.24335059713967', '15.388383', '44.231756', 3011, '3.0 كم', 444.5, 444, 444.5, 'qkz|A_h`mGg@oBgAZu@ThBrGNj@mCd@f@tCp@hBbAdBOZSlB[xBGIIN@BrEhFm@`AuEjIuEfIgB~Ca@z@MPHBHbBNzAFl@aIv@}BR}D`@gKv@wAHyBD_CCkBKq@KGAFoBRsCb@sByEWQjE', 5000, '1', '1', 'Canceld', '2017-04-07 09:46:06', '2017-04-07 09:58:39'),
(83, 8, '12332123123123123', 'A7, Sana''a, اليَمَن', 'Unnamed Road, Sana''a, اليَمَن', '15.37731731988025', '44.24333894495597', '15.370001', '44.240757', 1329, '1.3 كم', 400, 400, 400, 'okz|Awg`mGbAbEf@hBbBi@x@pB|AQ`AIR@NNZl@Vx@jApBb@lA^xAHdCzH}Ad@SPQFEb@b@|@rAbBuBfAyADiBv@k@nAFJ?', 5000, '1', '1', 'Canceld', '2017-04-07 09:58:55', '2017-04-07 10:00:33'),
(84, 8, '12332123123123123', 'A7, Sana''a, اليَمَن', 'A7, Sana''a, اليَمَن', '15.37739148604102', '44.24332411886341', '15.374848', '44.244216', 473, '0.5 كم', 200, 200, 200, 'okz|Ayg`mGi@uBt@MnCFEwAGy@dCAnB?j@AFdB', 5000, '1', '1', 'Canceld', '2017-04-07 10:02:31', '2017-04-07 10:06:53'),
(85, 8, '12332123123123123', 'A7, Sana''a, اليَمَن', 'A7, Sana''a, اليَمَن', '15.37740674336942', '44.24335286025353', '15.375922', '44.243928', 248, '0.2 كم', 200, 200, 200, 'qkz|Aah`mGg@mBt@MnCFbCF', 5000, '1', '1', 'Canceld', '2017-04-07 10:07:09', '2017-04-07 10:09:13'),
(86, 8, '12332123123123123', 'A7, Sana''a, اليَمَن', '1001, Sana''a, اليَمَن', '15.37732401398511', '44.24333500679978', '15.379839', '44.242381', 1256, '1.3 كم', 400, 400, 400, 'okz|Awg`mGi@wBt@MnCFEwAGy@dCAnB?j@AA]K?cAB_K?qFAaAH_APgFvAJXr@lB|@dDXdA', 5000, '1', '1', 'Canceld', '2017-04-07 10:09:34', '2017-04-07 10:12:16'),
(87, 8, '12332123123123123', 'A7, Sana''a, اليَمَن', 'A7, Sana''a, اليَمَن', '15.37738346895962', '44.24331194848754', '15.380396', '44.244365', 1019, '1.0 كم', 400, 400, 400, 'okz|Awg`mGi@wBt@MnCFEwAGy@dCAnB?j@AA]K?cAB_K?qFAaAH_APeEhA', 5000, '1', '1', 'Canceld', '2017-04-07 10:12:38', '2017-04-07 10:14:47'),
(88, 8, '12332123123123123', 'A7, Sana''a, اليَمَن', '1001, Sana''a, اليَمَن', '15.37739412860514', '44.24337607812532', '15.379322', '44.243281', 319, '0.3 كم', 200, 200, 200, 'skz|Ach`mGe@kBgAZu@Te@_BoEbB', 5000, '1', '1', 'Canceld', '2017-04-07 10:15:03', '2017-04-07 10:17:17'),
(89, 8, '12332123123123123', 'A7, Sana''a, اليَمَن', 'A7, Sana''a, اليَمَن', '15.37751566620113', '44.2433683667744', '15.376567', '44.24376', 169, '0.2 كم', 200, 200, 200, 'ukz|Akh`mGc@cBt@MnCF', 5000, '1', '1', 'Canceld', '2017-04-07 10:17:35', '2017-04-07 10:18:54'),
(90, 8, '12332123123123123', 'A7, Sana''a, اليَمَن', 'A7, Sana''a, اليَمَن', '15.37736315747292', '44.24342972230561', '15.380342', '44.244497', 998, '1.0 كم', 200, 200, 200, 'ukz|Akh`mGc@cBt@MnCFEwAGy@dCAnB?j@AA]K?cAB_K?qFAaAH_APsDbA', 5000, '1', '1', 'Canceld', '2017-04-07 10:19:13', '2017-04-07 10:29:08'),
(91, 8, '12332123123123123', 'A7, Sana''a, اليَمَن', 'A7, Sana''a, اليَمَن', '15.37728214637877', '44.24333743755169', '15.378204', '44.242761', 236, '0.2 كم', 200, 200, 200, 'mkz|Aug`mGk@yBgAZu@Tz@zC', 5000, '1', '1', 'Canceld', '2017-04-07 10:30:05', '2017-04-07 10:32:05'),
(92, 8, '12332123123123123', 'A7, Sana''a, اليَمَن', 'A7, Sana''a, اليَمَن', '15.37733298262151', '44.24332293685921', '15.379333', '44.244519', 1542, '1.5 كم', 400, 400, 400, 'okz|Aug`mGi@yBgAZu@ThBrGNj@mCd@f@tCp@hBbAdBOZSlB[xBGI_CcCWc@eB_GkEwOo@gB`Bg@nBk@', 5000, '1', '1', 'Created', '2017-04-07 10:32:32', '2017-04-07 10:32:32'),
(93, 8, '12332123123123123', 'A7, Sana''a, اليَمَن', 'شارع النصر، صنعاء‎، اليَمَن', '15.37733960432501', '44.24329100180812', '15.387819', '44.232218', 2966, '3.0 كم', 333.375, 333, 333.375, 'mkz|Aqg`mGk@}BgAZu@ThBrGNj@mCd@f@tCp@hBbAdBOZSlB[xBGIIN@BrEhFm@`AuEjIuEfIgB~Ca@z@MPHBHbBNzAFl@aIv@}BR}D`@gKv@wAHyBD_CCkBKq@KGAFoBRsCb@sByEWIfB', 5000, '1', '1', 'Created', '2017-04-07 12:59:09', '2017-04-07 12:59:09'),
(94, 8, '12332123123123123', 'A7, Sana''a, اليَمَن', 'شارع النصر، صنعاء‎، اليَمَن', '15.37735418518496', '44.2433112074814', '15.386197', '44.230395', 3520, '3.5 كم', 444.5, 444, 444.5, 'okz|Aug`mGi@yBgAZu@ThBrGNj@mCd@f@tCp@hBbAdBOZSlB[xBGIIN@BrEhFm@`AuEjIuEfIgB~Ca@z@MPHBHbBNzAFl@aIv@}BR}D`@I?JXlAnNHnBQ`EiFg@kFMyBBaAG_Bm@eBs@sCqAJiA@i@Ae@HeBTqB@MTiCVDjBJrAB', 5000, '1', '1', 'Canceld', '2017-04-07 13:30:39', '2017-04-07 13:33:48'),
(95, 8, '12332123123123123', 'A7, Sana''a, اليَمَن', 'شارع النصر، صنعاء‎، اليَمَن', '15.37725804840715', '44.24330709506221', '15.386432', '44.233492', 2805, '2.8 كم', 333.375, 333, 333.375, 'kkz|Aog`mGm@_CgAZu@ThBrGNj@mCd@f@tCp@hBbAdBOZSlB[xBGIIN@BrEhFm@`AuEjIuEfIgB~Ca@z@MPHBHbBNzAFl@aIv@}BR}D`@gKv@wAHyBDm@ABgAVsEuBBLkFV@', 5000, '1', '1', 'Canceld', '2017-04-07 13:34:08', '2017-04-07 14:04:13'),
(96, 8, '12332123123123123', 'A7, Sana''a, اليَمَن', 'اتجاه روابي، صنعاء‎، اليَمَن', '15.37736835425289', '44.24333936538942', '15.369716', '44.247417', 1337, '1.3 كم', 400, 400, 400, 'qkz|A{g`mGg@sBt@MnCFEwAGy@dCAnB?j@A~@IbJiAxGs@z@KZ@h@Dd@H`@Jf@TZMj@U?G@GLWBc@EEu@s@m@cAa@y@dB_@lBa@g@cA', 5000, '1', '1', 'Canceld', '2017-04-07 14:04:30', '2017-04-07 14:07:50'),
(97, 8, '12332123123123123', 'A7, Sana''a, اليَمَن', 'A7, Sana''a, اليَمَن', '15.37766708528192', '44.24319821414002', '15.375136', '44.243955', 543, '0.5 كم', 200, 200, 200, 'umz|A{f`mGk@wBfA[t@MnCFEwAGy@dCAnB?j@ALrC', 5000, '1', '1', 'Canceld', '2017-04-07 14:08:14', '2017-04-07 14:09:53'),
(98, 8, '12332123123123123', 'A7, Sana''a, اليَمَن', 'A7, Sana''a, اليَمَن', '15.37738038228394', '44.24327641729661', '15.376716', '44.242904', 213, '0.2 كم', 200, 200, 200, 'mkz|Aqg`mG`AxDnBs@YaA', 5000, '1', '1', 'Canceld', '2017-04-07 14:10:09', '2017-04-07 14:12:13'),
(99, 8, '12332123123123123', 'A7, Sana''a, اليَمَن', 'A7, Sana''a, اليَمَن', '15.3770759474044', '44.24339163567358', '15.377367', '44.243393', 11, '11 م', 200, 200, 200, 'mkz|Aqg`mGES', 5000, '1', '1', 'Canceld', '2017-04-07 14:12:36', '2017-04-07 14:50:23'),
(100, 8, '12332123123123123', 'A7, Sana''a, اليَمَن', 'شارع النصر، صنعاء‎، اليَمَن', '15.37736934729088', '44.2433121402469', '15.392818', '44.234351', 3529, '3.5 كم', 444.5, 444, 444.5, 'okz|Awg`mGi@wBgAZu@ThBrGNj@mCd@f@tCp@hBbAdBOZSlB[xBGIIN@BrEhFm@`AuEjIuEfIgB~Ca@z@MPHBHbBNzAFl@aIv@}BR}D`@gKv@wAHyBD_CCkBKkBYoPcD{CYuAGoA?y@@EeB@QaB{@lC{EcBBGoB', 5000, '1', '1', 'Created', '2017-04-07 14:50:38', '2017-04-07 14:50:38'),
(101, 8, '12332123123123123', 'A7, Sana''a, اليَمَن', 'شارع النصر، صنعاء‎، اليَمَن', '15.37734952058774', '44.24333063838632', '15.38992', '44.231417', 4946, '4.9 كم', 555.625, 556, 555.625, 'okz|Ayg`mGi@uBgAZu@ThBrGNj@mCd@f@tCp@hBbAdBOZSlB[xBGIIN@BrEhFm@`AuEjIuEfIgB~Ca@z@MPHBHbBNzAFl@aIv@}BR}D`@gKv@wAHyBD_CCkBKkBYoPcD{CYuAGoA?cDJoD`@k@Jy@TgBh@sAp@_BbAk@h@mAvAw@tAq@nBSx@_@xAE?OBKJGV@PFLLHRBNEFGFQ?SCMKMb@qBb@}A\\{@p@kAjAuAtAiAz@g@jAi@dBi@x@Ur@MhBSnBMlBElA@tAFfBLvB\\j@L', 5000, '1', '1', 'Canceld', '2017-04-07 15:24:55', '2017-04-08 16:22:18'),
(102, 8, '12332123123123123', 'A7, Sana''a, اليَمَن', 'Unnamed Road, Sana''a, اليَمَن', '15.37736570095585', '44.24330543576264', '15.392348', '44.235293', 3464, '3.5 كم', 444.5, 444, 444.5, 'mkz|Aug`mGk@yBgAZu@ThBrGNj@mCd@f@tCp@hBbAdBOZSlB[xBGI_CcCWc@eB_GOF`AlDb@zAVd@vAvA{@?sAFqBDgA@]?@n@q@Ji@TD~C?n@oCt@aA`@}BXiCj@a@Pg@DiBA_@{DU@}NLcSd@qCFEjHaCMJeCW@wELBjE', 5000, '1', '1', 'Canceld', '2017-04-08 16:23:10', '2017-04-08 16:34:38'),
(103, 8, '12332123123123123', 'A7, Sana''a, اليَمَن', 'A7, Sana''a, اليَمَن', '15.37737831363086', '44.24331582106451', '15.383558', '44.233343', 4651, '4.7 كم', 555.625, 556, 555.625, 'okz|Awg`mGi@wBt@MnCFEwAGy@dCAnB?j@AA]K?cAB_K?qFAaAH_APaBb@uBl@Oe@{FkJmAsB]y@q@yB}BuHg@qAq@iAsAgCg@w@_BiC~@jBv@|AfCrEf@pAn@~B|BnH^x@lArBxFnJHTiBN{DRkKHqABaDE]?MJCP?NDBb@pA`DfTfBrLFjA|BrXy@D', 5000, '1', '1', 'Canceld', '2017-04-08 16:34:58', '2017-04-08 16:37:10'),
(104, 8, '12332123123123123', 'A7, Sana''a, اليَمَن', 'Unnamed Road, اليَمَن', '15.37734316663386', '44.24331765626021', '15.363137', '44.249611', 10271, '10.3 كم', 1222.375, 1222, 1222.375, 'okz|Aug`mGi@yBt@MnCFEwAGy@dCAnB?j@A~@IbJiAxGs@z@KZ@h@Dd@H`@JfB|@tHxEjF|CzHtEnA~@dDrBpAxA`BjDtFlOt@vBRl@dBdEhAzCv@zBDj@Mh@]h@YGu@K_BCsB@uEAuADoBFwAX_Bj@sAz@gBfBo@bAy@fBcDpLq@bCy@~AuCdD[`@Ub@Sr@DFHDLAFQNe@Ve@`CuCz@aBh@gApBmHbAoDt@{B^s@b@m@t@{@tAkAdB{@d@Qj@MnAM`NCzADhAP|Al@bAt@f@j@Xj@Vh@V`Aj@~D^fCh@lBl@|ApAlCf@r@RPl@b@f@LXHr@H~AFvKDxCAb@C\\Mb@SXSV_@dAmBv@yA`@q@\\a@vAkA`@UIQS{BAa@HaATcA\\cAZsAHi@?UC]YkAKc@]_@o@i@q@[u@I]Ga@mBgDqI{BcHs@[uAD{PjDi@DAgAMy@IyA@oAFi@d@eDHk@TWPJn@bAV`@PLj@SlAgC|BwEXaA@c@Hk@By@E}@Q_@O}@@q@Jk@i@_@wAg@a@y@Ui@{@I{@AqBo@e@YyBUyBYYUYw@Y{@mAyAm@{@Ac@EaAHm@GwAGu@k@m@eAi@i@m@E{@Km@o@iCQ]c@i@I[', 5000, '1', '1', 'Canceld', '2017-04-08 16:39:06', '2017-04-08 16:42:55'),
(105, 8, '12332123123123123', 'A7, Sana''a, اليَمَن', 'A7, Sana''a, اليَمَن', '15.37736931817176', '44.24334506508358', '15.378516', '44.246862', 1071, '1.1 كم', 400, 400, 400, 'qkz|A}g`mGg@qBt@MnCFEwAGy@dCAnB?j@AA]K?cAB_K?gECc@mBe@}C_@gBbBq@', 5000, '1', '1', 'Canceld', '2017-04-08 16:43:11', '2017-04-08 16:49:26'),
(106, 8, '12332123123123123', 'A7, Sana''a, اليَمَن', 'شارع النصر، صنعاء‎، اليَمَن', '15.37736931817176', '44.24334506508358', '15.388474', '44.229925', 3392, '3.4 كم', 444.5, 444, 444.5, 'qkz|A}g`mGg@qBgAZu@ThBrGNj@mCd@f@tCp@hBbAdBOZSlB[xBGIIN@BrEhFm@`AuEjIuEfIgB~Ca@z@MPHBHbBNzAFl@aIv@}BR}D`@I?JXlAnNHnBQ`EiFg@kFMyBBaAG_Bm@eBs@sCqAJiA@i@?KyBs@yAm@@{AD{@', 5000, '1', '1', 'Canceld', '2017-04-08 16:49:42', '2017-04-08 16:58:18'),
(107, 8, '12332123123123123', 'A7, Sana''a, اليَمَن', 'A7, Sana''a, اليَمَن', '15.37740058267059', '44.2433509324158', '15.385465', '44.23354', 2983, '3.0 كم', 333.375, 333, 333.375, 'qkz|A_h`mGg@oBgAZu@ThBrGNj@mCd@f@tCp@hBbAdBOZSlB[xBGI_CcCWc@eB_GOF`AlDb@zAVd@vAvA{@?sAFqBDgA@]?@n@q@Ji@TD~C?n@oCt@aA`@}BXiCj@a@Pg@DiBA_@{DU@}NLInCCbCQlCWrCxBG@fBhBLj@J', 5000, '1', '1', 'Canceld', '2017-04-08 17:00:20', '2017-04-08 17:03:14'),
(108, 8, '12332123123123123', 'A7, Sana''a, اليَمَن', 'Taiz Street, Sana''a, اليَمَن', '15.37734463346692', '44.24334757965453', '15.343156', '44.217318', 9137, '9.1 كم', 1111.25, 1111, 1111.25, 'qkz|A{g`mGg@sBt@MnCFEwAGy@dCAnB?j@A~@IbJiAxGs@z@KZ@h@Dd@H`@JfB|@tHxEjF|CzHtEnA~@dDrBpAxA`BjDtFlOt@vBRl@dBdEhAzCv@zBDj@Mh@]h@YGu@K_BCsB@uEAuADoBFwAX_Bj@sAz@gBfBo@bAy@fBcDpLq@bCy@~AuCdD[`@Ub@Sr@DFHDLAFQNe@Ve@`CuCz@aBh@gApBmHbAoDt@{B^s@b@m@t@{@tAkAdB{@d@Qj@MnAM`NCzADhAP|Al@bAt@f@j@Xj@Vh@V`Aj@~D^fCh@lBl@|ApAlCf@r@RPl@b@f@LXHr@H~AFvKDxCAb@C\\Mb@SXSV_@dAmBv@yA`@q@\\a@vAkAv@_@n@QbBSfA@jB^nAd@f@Z\\\\Z`@b@z@\\~@lApD^t@\\j@`@\\b@RTDh@?hAOrAQD|Db@jCRdDL`JDf@PdAf@`DJZfA]`K}CpBdK|@fF`@xBAVr@dEwA^eAZ', 5000, '1', '1', 'Canceld', '2017-04-08 17:03:43', '2017-04-08 17:06:07'),
(109, 8, '12332123123123123', 'A7, Sana''a, اليَمَن', 'A5, Sana''a, اليَمَن', '15.37733034232201', '44.24331371676572', '15.373247', '44.214704', 5761, '5.8 كم', 666.75, 667, 666.75, 'mkz|Aug`mGk@yBt@MnCFEwAGy@dCAnB?j@A~@IbJiAxGs@z@KZ@h@Dd@H`@JfB|@tHxEjF|CzHtEnA~@dDrBpAxA`BjDtFlOt@vBRl@dBdEhAzCv@zBDj@Mh@]h@YGu@K_BCsB@uEAuADoBFwAX_Bj@sAz@gBfBo@bAy@fBcDpLq@bCy@~AuCdD[`@Ub@Sr@SlAClAa@jMG`DI|AWrKWdIWpII~CEv@A~G?fA_AHS@oCNo@?mAOsDi@{@OB{A', 5000, '1', '1', 'Canceld', '2017-04-08 17:06:35', '2017-04-08 17:09:43'),
(110, 8, '12332123123123123', 'A7, Sana''a, اليَمَن', '1001, Sana''a, اليَمَن', '15.3773728804806', '44.24332930710562', '15.371774', '44.235851', 2602, '2.6 كم', 333.375, 333, 333.375, 'okz|Ayg`mGi@uBt@MnCFEwAGy@dCAnB?j@A~@IbJiAxGs@z@KZ@h@Dd@H`@JfB|@tHxEjF|CzHtEnA~@qCtDyAnASx@MlAEbADz@C~@Gl@ILOHyAXiHtAq@RiAh@sAhAsEhDM^Ed@@L', 5000, '1', '1', 'Canceld', '2017-04-08 17:10:02', '2017-04-08 17:16:11'),
(111, 8, '12332123123123123', 'A7, Sana''a, اليَمَن', '1001, Sana''a, اليَمَن', '15.37728587632568', '44.24330567013867', '15.375716', '44.235387', 1798, '1.8 كم', 400, 400, 400, 'mkz|Aog`mGk@_CgAZu@ThBrGNj@mCd@f@tCp@hBbAdBOZSlB[xBGIIN@BvHxI|FhHq@zCq@bEc@nBeBg@f@_CdAmG', 5000, '1', '1', 'Canceld', '2017-04-08 17:17:59', '2017-04-08 17:19:28'),
(112, 8, '12332123123123123', 'A7, Sana''a, اليَمَن', 'اتجاه روابي، صنعاء‎، اليَمَن', '15.37734312472434', '44.24332058992632', '15.364229', '44.244852', 1614, '1.6 كم', 400, 400, 400, 'okz|Awg`mGi@wBt@MnCFEwAGy@dCAnB?j@A~@IbJiAxGs@z@KZ@h@Dd@H`@Jf@TZMj@U`C{@pEsBrAu@fBo@v@M|FE|@U|@EbAC', 5000, '1', '1', 'Canceld', '2017-04-08 17:20:11', '2017-04-08 17:24:25'),
(113, 8, '12332123123123123', 'A7, Sana''a, اليَمَن', '1001, Sana''a, اليَمَن', '15.37733721548261', '44.24331807535537', '15.379584', '44.232101', 1721, '1.7 كم', 400, 400, 400, 'okz|Aug`mGi@yBgAZu@ThBrGNj@mCd@f@tCp@hBbAdBOZSlB[xBGIIN@BvHxI[`@w@vAyCvFmBbDuDvGYn@Cr@HlAyANC?', 5000, '1', '1', 'Canceld', '2017-04-08 17:25:43', '2017-04-08 17:37:25'),
(114, 8, '12332123123123123', 'A7, Sana''a, اليَمَن', 'شارع النصر، صنعاء‎، اليَمَن', '15.37727350440151', '44.24324935766806', '15.386519', '44.22996', 3239, '3.2 كم', 444.5, 444, 444.5, 'ikz|Aeg`mGo@iCgAZu@ThBrGNj@mCd@f@tCp@hBbAdBOZSlB[xBGIIN@BrEhFm@`AuEjIuEfIgB~Ca@z@MPHBHbBNzAFl@aIv@}BR}D`@I?JXlAnNHnBQ`EiFg@iBGReBGCAm@sAc@aBc@}B{@BGVyABoCuDU', 5000, '1', '1', 'Created', '2017-04-08 17:37:43', '2017-04-08 17:37:43'),
(115, 8, '12332123123123123', 'A7, Sana''a, اليَمَن', 'شارع النصر، صنعاء‎، اليَمَن', '15.37734208478746', '44.24332144105658', '15.386875', '44.231918', 2674, '2.7 كم', 333.375, 333, 333.375, 'okz|Awg`mGi@wBgAZu@ThBrGNj@mCd@f@tCp@hBbAdBOZSlB[xBGIIN@BrEhFm@`AuEjIuEfIgB~Ca@z@MPHBHbBNzAFl@aIv@}BR}D`@gKv@wAHyBDm@ABgAVsEuBBAX', 5000, '1', '1', 'Created', '2017-04-08 18:16:00', '2017-04-08 18:16:00'),
(116, 8, '12332123123123123', 'A7, Sana''a, اليَمَن', 'شارع النصر، صنعاء‎، اليَمَن', '15.37738268730731', '44.24331665043183', '15.388836', '44.230611', 3495, '3.5 كم', 444.5, 444, 444.5, 'okz|Ayg`mGi@uBgAZu@ThBrGNj@mCd@f@tCp@hBbAdBOZSlB[xBGIIN@BrEhFm@`AuEjIuEfIgB~Ca@z@MPHBHbBNzAFl@aIv@}BR}D`@I?JXlAnNHnBQ`EiFg@kFMyBBaAG_Bm@uIuDcDmASMKMK_@@aAGgBFmAPwA', 5000, '1', '1', 'Created', '2017-04-08 18:19:58', '2017-04-08 18:19:58'),
(117, 8, '12332123123123123', 'A7, Sana''a, اليَمَن', 'شارع النصر، صنعاء‎، اليَمَن', '15.37756239531131', '44.2432785127724', '15.386785', '44.231873', 2631, '2.6 كم', 333.375, 333, 333.375, 'wmz|Acg`mGi@oBu@ThBrGNj@mCd@f@tCp@hBbAdBOZSlB[xBGIIN@BrEhFm@`AuEjIuEfIgB~Ca@z@MPHBHbBNzAFl@aIv@}BR}D`@gKv@wAHyBDm@ABgAVsEuBBA`@', 5000, '1', '1', 'Canceld', '2017-04-08 18:27:32', '2017-04-08 19:16:06'),
(118, 8, '12332123123123123', 'A7, Sana''a, اليَمَن', 'شارع النصر، صنعاء‎، اليَمَن', '15.37724190689023', '44.24333398461487', '15.385789', '44.233436', 2867, '2.9 كم', 333.375, 333, 333.375, 'mkz|Aqg`mGk@}BgAZu@ThBrGNj@mCd@f@tCp@hBbAdBOZSlB[xBGIIN@BrEhFm@`AuEjIuEfIgB~Ca@z@MPHBHbBNzAFl@aIv@}BR}D`@gKv@wAHyBDm@ABgAVsEuBBLkFzAD?o@', 5000, '1', '1', 'Canceld', '2017-04-08 19:17:07', '2017-04-08 19:25:44');
INSERT INTO `orders` (`id`, `app_user_id`, `dev_id`, `place_from_name`, `place_to_name`, `place_from_lat`, `place_from_lng`, `place_to_lat`, `place_to_lng`, `distance_m`, `distance_k`, `price_total`, `price_distance_k_first`, `price_first`, `steps`, `price_galon`, `transportation_id`, `order_type_id`, `st`, `created_at`, `updated_at`) VALUES
(119, 8, '12332123123123123', 'A7, Sana''a, اليَمَن', 'S1, Sana''a, اليَمَن', '15.37727806078942', '44.24332168395571', '15.381032', '44.212635', 4410, '4.4 كم', 555.625, 556, 555.625, 'mkz|Aqg`mGk@}BgAZu@ThBrGNj@mCd@f@tCp@hBbAdBOZSlB[xBGIIN@BrEhFm@`AuEjIuEfIgB~Ca@z@MPHBHbBNzAFl@aIv@}BR}D`@I?JXlAnNHnBQ`EQdE@^~AdLNlAXdAdA`D|EdIJ\\Hn@F~@Av@Ed@WfAo@nBi@hCIjA@r@Hd@b@lAcAPM?b@hAZfAe@HAp@@TPh@VZHRj@xDoCrBaAr@i@f@H\\d@tAlBqA', 5000, '1', '1', 'Canceld', '2017-04-08 19:26:17', '2017-04-09 09:44:10'),
(120, 8, '12332123123123123', 'A7, Sana''a, اليَمَن', 'شارع النصر، صنعاء‎، اليَمَن', '15.3773110220352', '44.24327516001113', '15.387246', '44.230954', 2604, '2.6 كم', 333.375, 333, 333.375, 'kkz|Akg`mGm@cCgAZu@ThBrGNj@mCd@f@tCp@hBbAdBOZSlB[xBGIIN@BrEhFm@`AuEjIuEfIgB~Ca@z@MPHBHbBNzAFl@aIv@}BR}D`@gKv@wAHyBD_CCkBKq@KGA@e@', 5000, '1', '1', 'Canceld', '2017-04-09 09:44:29', '2017-04-09 12:54:27'),
(121, 8, '12332123123123123', 'A7, Sana''a, اليَمَن', 'شارع المطار، صنعاء‎، اليَمَن', '15.3773575415978', '44.24314959910162', '15.392212', '44.215097', 6163, '6.2 كم', 777.875, 778, 777.875, 'ekz|Ayf`mGx@dDf@hBbBi@x@pB|AQ`AIR@NNZl@Vx@jApBb@lA^xAHdCpFgAIV{E`AkJtBqAXQJAV}Ab@CNMNuCdFuEhI{D|Gq@jAWh@HB@`@PzBLnA_LfAgFd@JXD^lAfOBv@GvAYvGAf@L`AvAfKVvAh@lBVt@Pd@pErHRf@HZFx@B~@El@Kp@s@zBs@dDIjA@r@Hd@Tl@L^o@La@Bb@hAZfAe@HAh@@\\Tl@RVHRj@xDuAbAiAz@{AnA_BjAoGnFi@\\c@w@QY{@qAY[o@k@}@i@y@Wu@SuAO}FUsDI}@EuDGYFgEGaHSB_BL_Ha@AE?', 5000, '1', '1', 'Canceld', '2017-04-09 14:04:29', '2017-04-09 14:07:39'),
(122, 8, '12332123123123123', 'A7, Sana''a, اليَمَن', 'Unnamed Road, Sana''a, اليَمَن', '15.3773575415978', '44.24314959910162', '15.337711', '44.236397', 13034, '13.0 كم', 1555.75, 1556, 1555.75, 'ekz|Ayf`mGs@uCt@MnCFEwAGy@dCAnB?j@A~@IbJiAxGs@z@KZ@h@Dd@H`@JfB|@tHxEjF|CzHtEnA~@dDrBpAxA`BjDtFlOt@vBRl@dBdEhAzCv@zBDj@Mh@]h@YGu@K_BCsB@uEAuADoBFwAX_Bj@sAz@gBfBo@bAy@fBcDpLq@bCy@~AuCdD[`@Ub@Sr@DFHDLAFQNe@Ve@`CuCz@aBh@gApBmHbAoDt@{B^s@b@m@t@{@tAkAdB{@d@Qj@MnAM`NCzADhAP|Al@bAt@f@j@Xj@Vh@V`Aj@~D^fCh@lBl@|ApAlCf@r@RPl@b@f@LXHr@H~AFvKDxCAb@C\\Mb@SXSV_@dAmBv@yA`@q@\\a@vAkAv@_@n@QbBSfA@jB^nAd@f@Z\\\\Z`@b@z@\\~@lApD^t@\\j@`@\\b@RTDh@?hAO|Do@tAIdCCrGEvUE`A?d@Jt@Zx@t@Xf@Pd@XtA`@zBRz@XTTJP?`@GNAfBo@bIsC|@_@RWZMzGgCxHiCr@CVEPBVIBIDERMTSLMrEmAf@OjK_DvFmBbBg@`D{A`D{AlA_@K[qA^{@`@CgAL{BqA_@o@UQAcACaBP_AV[?_@K[Ok@g@Yg@[m@j@wBb@_A?c@U]]GYS[QIG{@@}AN@Qj@mBHk@CQGKMI[JOT}@jAEGEoBCkABa@Bc@EKSHOT]d@{@jBY^K?DWPi@Hi@?a@MoB[w@MYAWNm@Cs@Tk@BSCWu@a@OK?iA[sEM_@_@S{AUo@c@[KiAWe@Sg@MMCa@FQDKJIJANJx@@TEVERQXWd@SPSJQA_BMwBBuAPi@CiAD_@K]O', 5000, '1', '1', 'Canceld', '2017-04-09 14:08:26', '2017-04-09 15:57:18'),
(123, 8, '12332123123123123', 'A7, Sana''a, اليَمَن', 'A9, Sana''a, اليَمَن', '15.37730092184188', '44.24314172011264', '15.366171', '44.236396', 2727, '2.7 كم', 303.037875, 303, 303.037875, 'ckz|Asf`mGu@{Ct@MnCFEwAGy@dCAnB?j@A~@IbJiAxGs@z@KZ@h@Dd@H`@JfB|@tHxEjF|CzHtEnA~@dDrBpAxA`BjDtFlOt@vBgE~AkCRcALwAp@kBnA{@b@', 5000, '1', '1', 'Canceld', '2017-04-09 15:57:38', '2017-04-09 16:00:00'),
(124, 8, '12332123123123123', 'A7, Sana''a, اليَمَن', 'شارع النصر، صنعاء‎، اليَمَن', '15.37743649912568', '44.24331078309961', '15.390639', '44.230565', 5181, '5.2 كم', 575.7386250000001, 576, 575.7386250000001, 'okz|A{g`mGi@sBgAZu@ThBrGNj@mCd@f@tCp@hBbAdBOZSlB[xBGIIN@BrEhFm@`AuEjIuEfIgB~Ca@z@MPHBHbBNzAFl@aIv@}BR}D`@gKv@wAHyBD_CCkBKkBYoPcD{CYuAGoA?cDJoD`@k@Jy@TgBh@sAp@_BbAk@h@mAvAw@tAq@nBSx@_@xAE?OBKJGV@PFLLHRBNEFGFQ?SCMKMb@qBb@}A\\{@p@kAjAuAtAiAz@g@jAi@dBi@x@Ur@MhBSnBMlBElA@tAFfBLvB\\tBb@YpAa@pAyBs@Sh@', 5000, '1', '1', 'Canceld', '2017-04-09 16:00:37', '2017-04-09 16:07:23'),
(125, 8, '12332123123123123', 'A7, Sana''a, اليَمَن', 'Unnamed Road, Sana''a, اليَمَن', '15.37735946943553', '44.24325219359644', '15.390078', '44.237665', 2976, '3.0 كم', 330.708, 331, 330.708, 'kkz|Akg`mGm@cCgAZu@ThBrGNj@mCd@f@tCp@hBbAdBOZSlB[xBGI_CcCWc@eB_GOF`AlDb@zAVd@vAvA{@?sAFqBDgA@]?@n@q@Ji@TD~C?n@oCt@aA`@}BXiCj@a@Pg@DiBA_@{DU@}NLcSd@qCF@qA@U', 5000, '1', '1', 'Canceld', '2017-04-09 16:07:41', '2017-04-09 16:17:47'),
(126, 61, '31a04ad22aa33eca', 'A7, Sana''a, Yemen', 'A7, Sana''a, Yemen', '15.3776007', '44.2439229', '15.382845574804499', '44.238125905394554', 1613, '1.6 km', 322.6, 323, 322.6, '_mz|Amk`mGwBn@xB~HmCd@d@pCr@lBbAdBOZo@fFgCmC]k@_BwFOF|AvFy@b@[H}B\\cCh@kCj@_Cn@o@RiCfASH', 5000, '1', '1', 'Canceld', '2017-04-10 18:15:50', '2017-04-10 18:20:20'),
(127, 61, '31a04ad22aa33eca', 'A7, Sana''a, Yemen', 'شارع وليد الحماطي، Sana''a, Yemen', '15.3774298', '44.2431667', '15.380448552402378', '44.23833545297384', 1609, '1.6 km', 321.8, 322, 321.8, 'gkz|Aag`mGq@mCgAZu@ThBrGNj@mCd@f@tCp@hBbAdBOZSlB[xBGI_CcCWc@eB_GOF`AlDb@zAVd@vAvA{@?sAFqBDgA@]?@n@q@Ji@T?X', 5000, '1', '1', 'Canceld', '2017-04-10 18:26:35', '2017-04-10 18:35:19'),
(128, 61, '31a04ad22aa33eca', 'A7, Sana''a, Yemen', 'A7, Sana''a, Yemen', '15.3776007', '44.2439229', '15.385388037058823', '44.243177846074104', 3474, '3.5 km', 386.04825000000005, 386, 386.04825000000005, '_mz|Amk`mGz@OnCFEwAGy@dCAnB?j@AA]K?cAB_K?qFAaAH_APaBb@uBl@Oe@{FkJmAsB]y@q@yB}BuHg@qAq@iAsAgCg@w@_BiC~@jBv@|AfCrEf@pAn@~B|BnH^x@lArBxFnJHTiBN{DRkKHqABaDE]?MJCP?NDBb@pAHf@', 5000, '1', '1', 'Canceld', '2017-04-10 18:39:33', '2017-04-10 18:43:24');





INSERT INTO `tmp_users` (`id`, `dev_id`, `phone`, `first_name`, `last_name`, `email`, `user_type`, `code`, `end_time`, `dev_token`, `gender`, `created_at`, `updated_at`) VALUES
(1, '12332123123123123', '772077550', 'Hisham', 'Ahmed', 'h.alkobati@gmail.com', 'App\\Customer', '86401', '2017-03-20 18:29:57', '12332123123123123', 1, '2017-03-20 17:29:57', '2017-03-20 17:29:57'),
(2, '31a04ad22aa33eca', '772077551', 'محمد', 'عبد الختلق', 'h.alkobati@hotmail.com', 'App\\Customer', '71426', '2017-03-22 21:22:47', '12332123123123123', 1, '2017-03-22 20:22:47', '2017-03-22 20:22:47'),
(3, '31a04ad22aa33eca', '771231231', 'Ahmed', 'Ali', 'h.alkobati@yahoo.com', 'App\\Customer', '30043', '2017-04-10 17:08:06', 'dIloEvPVoqk:APA91bE17_NyLRf-lCXcJ70KXBLw_DQRZwSsztlszXGiAqI65FBa612_9-Gr7Ddjtc_BR_izJo8OpaiNd3Fa9RX1jMQHNK2j5LPCL9alJpQrJRWoV48AYgxah9lm8U_xrfLPwdo0ikx2', 1, '2017-04-10 16:08:06', '2017-04-10 16:08:06'),
(4, '31a04ad22aa33eca', '771231233', 'Mohmed', 'Ahmed', 'h.alkobati@yahoo.com', 'App\\Customer', '16901', '2017-04-10 17:25:40', 'dIloEvPVoqk:APA91bE17_NyLRf-lCXcJ70KXBLw_DQRZwSsztlszXGiAqI65FBa612_9-Gr7Ddjtc_BR_izJo8OpaiNd3Fa9RX1jMQHNK2j5LPCL9alJpQrJRWoV48AYgxah9lm8U_xrfLPwdo0ikx2', 1, '2017-04-10 16:25:40', '2017-04-10 16:25:40'),
(5, '292cd3909c233972', '67545', 'لسللس', 'لسلس', 'hzhs@gshsj.com', 'App\\Customer', '88344', '2017-04-10 20:53:06', 'cwc7PM8JnRM:APA91bH7Xe15schlokjOHtRdESl4ZdChaKevqZxSy0rM_9kIxwCSpuz4jWS90i8rMdU26xY2-5C0cBCo8U7rz96wgKykDPTTsuF148iQqfrEO53cbp1uM9wN7SIiVyP1gQ8rAsyzKkNE', 1, '2017-04-10 19:53:06', '2017-04-10 19:53:06');


INSERT INTO `users` (`id`, `first_name`, `last_name`, `owner_id`, `owner_type`, `email`, `password`, `gender`, `dev_id`, `dev_token`, `phone`, `remember_token`, `created_at`, `updated_at`) VALUES
(8, 'Hisham', 'Ahmed', 8, 'App\\Customer', 'taxi-772077550@TaxiCustomer.com', '$2y$10$CYH9SCaMaCTxjR5ZW1T0T.0MFpxDWZwmwTRfm8aoNOrP8jbRIS8/S', 1, '12332123123123123', '12332123123123123', '772077550', NULL, '2017-03-20 17:53:02', '2017-03-20 17:53:02'),
(9, 'Hisham', 'Ahmed', 9, 'App\\Customer', 'taxi-772077550@TaxiCustomer.com', '$2y$10$2i9TuYohfvKHAAFEGFkY/uhIZy6gXeMqMyjoVgNz/H7AKdRWgzIKK', 1, '12332123123123123', '12332123123123123', '772077550', NULL, '2017-03-20 17:57:01', '2017-03-20 17:57:01'),
(10, 'Hisham', 'Ahmed', 10, 'App\\Customer', 'taxi-772077550@TaxiCustomer.com', '$2y$10$NtueBF/xNSaPeuR5JUNV5.UAb6z1JCZ1zkmukOpwBkTpjoba5ES32', 1, '12332123123123123', '12332123123123123', '772077550', NULL, '2017-03-20 18:01:15', '2017-03-20 18:01:15'),
(11, 'Hisham', 'Ahmed', 11, 'App\\Customer', 'taxi-772077550@TaxiCustomer.com', '$2y$10$LUXYXzttgdtcJCSkqbnRX.lpO3iz8cLI4FvHLP.MqcomMmKsUwqh2', 1, '12332123123123123', '12332123123123123', '772077550', NULL, '2017-03-20 18:04:36', '2017-03-20 18:04:36'),
(12, 'Hisham', 'Ahmed', 12, 'App\\Customer', 'taxi-772077550@TaxiCustomer.com', '$2y$10$QzFcvcgfm3xTeGTEOyIdVe0nJef4Gq5bIEx.bO11J4/RYoXUOQAVW', 1, '12332123123123123', '12332123123123123', '772077550', NULL, '2017-03-20 18:21:06', '2017-03-20 18:21:06'),
(13, 'Hisham', 'Ahmed', 13, 'App\\Customer', 'taxi-772077550@TaxiCustomer.com', '$2y$10$tifISe0IlPpknOp/39wNuu/t3gro6wX.COW.FTrE7quN4orvzcpFa', 1, '12332123123123123', '12332123123123123', '772077550', NULL, '2017-03-20 18:24:42', '2017-03-20 18:24:42'),
(14, 'Hisham', 'Ahmed', 14, 'App\\Customer', 'taxi-772077550@TaxiCustomer.com', '$2y$10$Cn7fU4KvFCQ8FqfxW6Ms.uPXZfHeatfK1Beu1Ie.1OF6bO5VBTG/i', 1, '12332123123123123', '12332123123123123', '772077550', NULL, '2017-03-20 18:26:10', '2017-03-20 18:26:10'),
(15, 'Hisham', 'Ahmed', 15, 'App\\Customer', 'taxi-772077550@TaxiCustomer.com', '$2y$10$kmYzQuidFofc8AfLao9izecBSpf0.q7sS4Ji4B.cdrQ.mnV8y5R3.', 1, '12332123123123123', '12332123123123123', '772077550', NULL, '2017-03-20 18:33:13', '2017-03-20 18:33:13'),
(16, 'Hisham', 'Ahmed', 16, 'App\\Customer', 'taxi-772077550@TaxiCustomer.com', '$2y$10$9EA5wA58hnA3qCx36wAMQuXE85sHidxzLRCyjKZfxEMUUS.ZYgeEe', 1, '12332123123123123', '12332123123123123', '772077550', NULL, '2017-03-20 18:33:37', '2017-03-20 18:33:37'),
(17, 'Hisham', 'Ahmed', 17, 'App\\Customer', 'taxi-772077550@TaxiCustomer.com', '$2y$10$OBWGsGBNeMecCXjc4NiLzOKnCx8qbYA6JY2acsEt7CI6.u7mwQsxW', 1, '12332123123123123', '12332123123123123', '772077550', NULL, '2017-03-20 18:41:10', '2017-03-20 18:41:10'),
(18, 'Hisham', 'Ahmed', 18, 'App\\Customer', 'taxi-772077550@TaxiCustomer.com', '$2y$10$kdzCsMjY3zKRjgaM1v/tTe0hyRk4VwpLeL.1.q7pxJSje0DmyEIma', 1, '12332123123123123', '12332123123123123', '772077550', NULL, '2017-03-20 18:41:55', '2017-03-20 18:41:55'),
(19, 'Hisham', 'Ahmed', 19, 'App\\Customer', 'taxi-772077550@TaxiCustomer.com', '$2y$10$VSdrPeSSg7Uyv/J9I29WTerodWgrERjDsAqLHV6nuxj9bLWWwodTm', 1, '12332123123123123', '12332123123123123', '772077550', NULL, '2017-03-20 18:47:17', '2017-03-20 18:47:17'),
(20, 'Hisham', 'Ahmed', 20, 'App\\Customer', 'taxi-772077550@TaxiCustomer.com', '$2y$10$46FSGbZpzgABexBiI.QkN.5rfbdR9eSlC40HFsqxt3mMOinbRWyeq', 1, '12332123123123123', '12332123123123123', '772077550', NULL, '2017-03-20 18:55:57', '2017-03-20 18:55:57'),
(21, 'Hisham', 'Ahmed', 21, 'App\\Customer', 'taxi-772077550@TaxiCustomer.com', '$2y$10$B6L1gYwzt6sMzPzE70jsLu0TELhDFFp4u5pFG/BGA0rxUBS0Bzlm2', 1, '12332123123123123', '12332123123123123', '772077550', NULL, '2017-03-20 18:56:22', '2017-03-20 18:56:22'),
(22, 'Hisham', 'Ahmed', 22, 'App\\Customer', 'taxi-772077550@TaxiCustomer.com', '$2y$10$.kcTNLDi6lWrJ3U2LEMIretJkZvd3gFb91kOyTbLxShgGkS4EdgCa', 1, '12332123123123123', '12332123123123123', '772077550', NULL, '2017-03-20 20:26:02', '2017-03-20 20:26:02'),
(23, 'Hisham', 'Ahmed', 23, 'App\\Customer', 'taxi-772077550@TaxiCustomer.com', '$2y$10$9OcSYVLSSQ6GOHwLV0yI.Ow.NIR6KHVvzADAMiA1eEJZyBE6mIW5S', 1, '12332123123123123', '12332123123123123', '772077550', NULL, '2017-03-20 20:26:28', '2017-03-20 20:26:28'),
(24, 'Hisham', 'Ahmed', 24, 'App\\Customer', 'taxi-772077550@TaxiCustomer.com', '$2y$10$Sc1TUytbDKirfBZ4D5CYh.Bei2KYMbXFx5XbN1INrbuu8Y7Tk7WoS', 1, '12332123123123123', '12332123123123123', '772077550', NULL, '2017-03-21 17:13:06', '2017-03-21 17:13:06'),
(25, 'Hisham', 'Ahmed', 25, 'App\\Customer', 'taxi-772077550@TaxiCustomer.com', '$2y$10$b.Pwprg0m57yVXhtBoP3DObKYkNlni5fjRzmbU3IaUV0je7h0qabm', 1, '12332123123123123', '12332123123123123', '772077550', NULL, '2017-03-21 17:15:46', '2017-03-21 17:15:46'),
(26, 'Hisham', 'Ahmed', 26, 'App\\Customer', 'taxi-772077550@TaxiCustomer.com', '$2y$10$W4vjp/cfaojsJiDyZyuaIu./XnUvKU/78vzG8OtgogLldn8wmXCFC', 1, '12332123123123123', '12332123123123123', '772077550', NULL, '2017-03-21 17:17:08', '2017-03-21 17:17:08'),
(27, 'Hisham', 'Ahmed', 27, 'App\\Customer', 'taxi-772077550@TaxiCustomer.com', '$2y$10$A/QE3TPewDhzz4Q1IZ4aWOduR9dh4xvGznrlH6iyHPU15e3fEBfz.', 1, '12332123123123123', '12332123123123123', '772077550', NULL, '2017-03-21 17:21:25', '2017-03-21 17:21:25'),
(28, 'Hisham', 'Ahmed', 28, 'App\\Customer', 'taxi-772077550@TaxiCustomer.com', '$2y$10$uieJSoJPg2A7PUAdgG9.7.MhKXESTXjwf5eGXuZ7gCilnd.tlDZ9O', 1, '12332123123123123', '12332123123123123', '772077550', NULL, '2017-03-21 17:23:08', '2017-03-21 17:23:08'),
(29, 'Hisham', 'Ahmed', 29, 'App\\Customer', 'taxi-772077550@TaxiCustomer.com', '$2y$10$D5jA0wugdqGDx/0k6yYIX.pOzMPMBVnu2Jpc9aH.htJACa4.rdARy', 1, '12332123123123123', '12332123123123123', '772077550', NULL, '2017-03-21 17:26:26', '2017-03-21 17:26:26'),
(30, 'Hisham', 'Ahmed', 30, 'App\\Customer', 'taxi-772077550@TaxiCustomer.com', '$2y$10$0jp1F.T1a8zIcFae8Ut/UOsCb/AsO9bUZlFt53LqM/Gu1hjKebvNG', 1, '12332123123123123', '12332123123123123', '772077550', NULL, '2017-03-21 17:27:37', '2017-03-21 17:27:37'),
(31, 'Hisham', 'Ahmed', 31, 'App\\Customer', 'taxi-772077550@TaxiCustomer.com', '$2y$10$.YntT9tP5UzmPibWngHGwOh.UayWVHZ/WZsQRunKyKmq4PRrSaudW', 1, '12332123123123123', '12332123123123123', '772077550', NULL, '2017-03-21 17:30:35', '2017-03-21 17:30:35'),
(32, 'Hisham', 'Ahmed', 32, 'App\\Customer', 'taxi-772077550@TaxiCustomer.com', '$2y$10$zoGS9d7blIifY9GGwHqVjuOWwaI0hAsIk8sWhHuYRa2U4WiQPqV0e', 1, '12332123123123123', '12332123123123123', '772077550', NULL, '2017-03-21 17:30:45', '2017-03-21 17:30:45'),
(33, 'Hisham', 'Ahmed', 33, 'App\\Customer', 'taxi-772077550@TaxiCustomer.com', '$2y$10$/FFueE1.lsyIcdXs2V4dDOZvBWmMquUeydqQl.nbRsiLEZ7DCJpB6', 1, '12332123123123123', '12332123123123123', '772077550', NULL, '2017-03-21 17:34:08', '2017-03-21 17:34:08'),
(34, 'Hisham', 'Ahmed', 34, 'App\\Customer', 'taxi-772077550@TaxiCustomer.com', '$2y$10$u312rXuywk2erFXxsmMOSuymfKUPaS0yM4xEsaHYnqKQDFpbE9X9q', 1, '12332123123123123', '12332123123123123', '772077550', NULL, '2017-03-21 17:36:44', '2017-03-21 17:36:44'),
(35, 'Hisham', 'Ahmed', 35, 'App\\Customer', 'taxi-772077550@TaxiCustomer.com', '$2y$10$NbGLaiYclLsn0SpCq1UE7emhn.JfFYOSGrBZzZmyORBGgXqnaOB2m', 1, '12332123123123123', '12332123123123123', '772077550', NULL, '2017-03-21 17:37:34', '2017-03-21 17:37:34'),
(36, 'Hisham', 'Ahmed', 36, 'App\\Customer', 'taxi-772077550@TaxiCustomer.com', '$2y$10$TzsQHzXuaM2Z86m1POY1JeAtBPPgEXllAjh/q6RpOuXZ6L/BU5ez6', 1, '12332123123123123', '12332123123123123', '772077550', NULL, '2017-03-21 17:41:34', '2017-03-21 17:41:34'),
(37, 'Hisham', 'Ahmed', 37, 'App\\Customer', 'taxi-772077550@TaxiCustomer.com', '$2y$10$ai0E9saY8PF4KCvsl3.XneT.DiOcgko4v04xWrZxR918GNW4Tx8Py', 1, '12332123123123123', '12332123123123123', '772077550', NULL, '2017-03-21 18:21:13', '2017-03-21 18:21:13'),
(38, 'Hisham', 'Ahmed', 38, 'App\\Customer', 'taxi-772077550@TaxiCustomer.com', '$2y$10$/prwW1PQAleYlAhq3Meqd.iDMUPwAjSL.QEcEfJDbzZ13CWEiAkLO', 1, '12332123123123123', '12332123123123123', '772077550', NULL, '2017-03-21 18:47:40', '2017-03-21 18:47:40'),
(39, 'Hisham', 'Ahmed', 39, 'App\\Customer', 'taxi-772077550@TaxiCustomer.com', '$2y$10$wlpsTyw9KhX2OSj7lw3XmOskMw4dMmZzrZ61Dh8oBFdS6uj/V7Y.C', 1, '12332123123123123', '12332123123123123', '772077550', NULL, '2017-03-21 18:49:01', '2017-03-21 18:49:01'),
(40, 'Hisham', 'Ahmed', 40, 'App\\Customer', 'taxi-772077550@TaxiCustomer.com', '$2y$10$j3D1ZDgNjI7qXOy2gB.NauazI0g/e5iGRJacgK0JxZZIC/dbXSU7.', 1, '12332123123123123', '12332123123123123', '772077550', NULL, '2017-03-21 18:51:26', '2017-03-21 18:51:26'),
(41, 'Hisham', 'Ahmed', 41, 'App\\Customer', 'taxi-772077550@TaxiCustomer.com', '$2y$10$KXIHpp7Rglj5sHqivRNin.xBScGb1kxzYDxp6b6Emls9tQwbjzO/q', 1, '12332123123123123', '12332123123123123', '772077550', NULL, '2017-03-22 18:19:21', '2017-03-22 18:19:21'),
(42, 'Hisham', 'Ahmed', 42, 'App\\Customer', 'taxi-772077550@TaxiCustomer.com', '$2y$10$pAGdVpqfw9GTcHIr1u2cz.1fSJ7zszpav.Yt27Alrtfrc8j43UGLy', 1, '12332123123123123', '12332123123123123', '772077550', NULL, '2017-03-22 18:21:28', '2017-03-22 18:21:28'),
(43, 'Hisham', 'Ahmed', 43, 'App\\Customer', 'taxi-772077550@TaxiCustomer.com', '$2y$10$lBN0chgPnAI7dLYuIvRK.uIeSxtFZW0gBRHooW7HXcsLoWevjiy6q', 1, '12332123123123123', '12332123123123123', '772077550', NULL, '2017-03-22 18:31:21', '2017-03-22 18:31:21'),
(44, 'Hisham', 'Ahmed', 44, 'App\\Customer', 'taxi-772077550@TaxiCustomer.com', '$2y$10$NCWMW.eSnTN89QV3RghXNehr.OOkRo7R/mIBT3OPh8kxWw7FBwA0y', 1, '12332123123123123', '12332123123123123', '772077550', NULL, '2017-03-22 20:11:33', '2017-03-22 20:11:33'),
(45, 'Hisham', 'Ahmed', 45, 'App\\Customer', 'taxi-772077550@TaxiCustomer.com', '$2y$10$gzmtvhRRf/EYGTwgeBwLWePMWKe296EzI5ObRm9IDgiZZC5V8yS1i', 1, '12332123123123123', '12332123123123123', '772077550', NULL, '2017-03-22 20:16:11', '2017-03-22 20:16:11'),
(46, 'محمد', 'lkjlkjlj', 1, 'App\\Driver', 'taxi-772077551@TaxiCustomer.com', '$2y$10$TXRW51k8NsmuHss6efFd0OkBUPMu9PQKvdFvvhAUdPkavvgD77jba', 1, '31a04ad22aa33eca', '12332123123123123', '772077551', NULL, '2017-03-22 20:22:50', '2017-03-22 20:22:50'),
(47, 'محمد', 'عبد الختلق', 2, 'App\\Driver', 'taxi-772077551@TaxiCustomer.com', '$2y$10$/AC9zeoROgAe97e4w/syNu6DhSzTTFTzLj.jCS0IpT8cM1RSauplq', 1, '31a04ad22aa33eca', '12332123123123123', '772077551', NULL, '2017-03-23 16:47:36', '2017-03-23 16:47:36'),
(48, 'محمد', 'عبد الختلق', 3, 'App\\Driver', 'taxi-772077551@TaxiCustomer.com', '$2y$10$zsk1nRNT3Czjks1kZ3EMYOXIOal4OrTczycpIfkSOt8VmgTqG2IWW', 1, '31a04ad22aa33eca', '12332123123123123', '772077551', NULL, '2017-03-23 16:56:43', '2017-03-23 16:56:43'),
(49, 'محمد', 'عبد الختلق', 4, 'App\\Driver', 'taxi-772077551@TaxiCustomer.com', '$2y$10$JYs7DPGMcP2onOWmBTcQY.75yPR.0ON2eLm196kipJjL3N2L98j7C', 1, '31a04ad22aa33eca', '12332123123123123', '772077551', NULL, '2017-03-26 18:24:09', '2017-03-26 18:24:09'),
(50, 'Hisham', 'Ahmed', 46, 'App\\Customer', 'taxi-772077550@TaxiCustomer.com', '$2y$10$FJDGg6oz/MyM8ZbQvdAtNeDjAxDPeXg4uzlAmfw7QqgVu3grwcR3m', 1, '12332123123123123', '12332123123123123', '772077550', NULL, '2017-03-28 17:00:46', '2017-03-28 17:00:46'),
(51, 'محمد', 'عبد الختلق', 5, 'App\\Driver', 'taxi-772077551@TaxiCustomer.com', '$2y$10$Aqk6.ArQO7cMGmXygTEFhO7WKq9qErRPjMEtJwL.6Thb05U8R8nvm', 1, '31a04ad22aa33eca', '12332123123123123', '772077551', NULL, '2017-04-07 12:58:31', '2017-04-07 12:58:31'),
(52, 'Hisham', 'Ahmed', 47, 'App\\Customer', 'taxi-772077550@TaxiCustomer.com', '$2y$10$B5sbG63QFfDo1CCgV165kupVe0OhNQCHhaQGxdSHVT6RlR7a/hm9.', 1, '12332123123123123', '12332123123123123', '772077550', NULL, '2017-04-09 14:42:33', '2017-04-09 14:42:33'),
(53, 'Hisham', 'Ahmed', 48, 'App\\Customer', 'taxi-772077550@TaxiCustomer.com', '$2y$10$593P9ZdNi8RZ9geCRLDe3OGGjAO8SEI3x.FGNroE4XqAz25AbCp.O', 1, '12332123123123123', '12332123123123123', '772077550', NULL, '2017-04-09 14:44:26', '2017-04-09 14:44:26'),
(54, 'Hisham', 'Ahmed', 49, 'App\\Customer', 'taxi-772077550@TaxiCustomer.com', '$2y$10$An3UThzRzKIIkgHEIa.pWu8cABCmifsGlhC2MO12W0G3/pi58w6Oa', 1, '12332123123123123', '12332123123123123', '772077550', NULL, '2017-04-09 14:46:59', '2017-04-09 14:46:59'),
(55, 'محمد', 'عبد الختلق', 6, 'App\\Driver', 'taxi-772077551@TaxiCustomer.com', '$2y$10$8COc5JX5NGyYwtNRZlzUde1G5GnM2Gy6nuzmeH6j8RWmxwM8OC442', 1, '31a04ad22aa33eca', '12332123123123123', '772077551', NULL, '2017-04-09 14:56:59', '2017-04-09 14:56:59'),
(56, 'محمد', 'عبد الختلق', 7, 'App\\Driver', 'taxi-772077551@TaxiCustomer.com', '$2y$10$eW9sWXI57LS5O6riP/vHGu.fRof4adTgOlTrhiPd.agqrTz/tY.zu', 1, '31a04ad22aa33eca', '12332123123123123', '772077551', NULL, '2017-04-09 15:37:57', '2017-04-09 15:37:57'),
(57, 'محمد', 'عبد الختلق', 8, 'App\\Driver', 'taxi-772077551@TaxiCustomer.com', '$2y$10$zipTkmPME74IhHzezQh23.qZA8kSv61vXFpZnFpKXY408PZEe.yjW', 1, '31a04ad22aa33eca', '12332123123123123', '772077551', NULL, '2017-04-09 15:48:58', '2017-04-09 15:48:58'),
(58, 'محمد', 'عبد الختلق', 9, 'App\\Driver', 'taxi-772077551@TaxiCustomer.com', '$2y$10$fTJYNkD88q8Otw95fjQW5elgYeN3G6DaS/kWulIA9EhP777G.3tFa', 1, '31a04ad22aa33eca', '12332123123123123', '772077551', NULL, '2017-04-09 15:58:18', '2017-04-09 15:58:18'),
(59, 'Hisham', 'Ahmed', 50, 'App\\Customer', 'taxi-772077550@TaxiCustomer.com', '$2y$10$GuN9RontC/tmsZhAt6d76Ox2c0M4rb4b2KHAj.lIWjXzK6kXzkZOu', 1, '12332123123123123', '12332123123123123', '772077550', NULL, '2017-04-09 16:17:28', '2017-04-09 16:17:28'),
(60, 'محمد', 'عبد الختلق', 10, 'App\\Driver', 'taxi-772077551@TaxiCustomer.com', '$2y$10$Gr9/aOwM69v8BEs8j3j/feaHrfMqjLhZozY4YdT36uHlhBhTbGG3i', 1, '31a04ad22aa33eca', '12332123123123123', '772077551', NULL, '2017-04-09 17:42:43', '2017-04-09 17:42:43'),
(61, 'Mohmed', 'Ahmed', 51, 'App\\Customer', 'taxi-771231233@TaxiCustomer.com', '$2y$10$PcbnOGbENCXZs9kOmdbnd.AullJUpNCeOJc5KWIeUNwCJahoR6/di', 1, '31a04ad22aa33eca', 'dIloEvPVoqk:APA91bE17_NyLRf-lCXcJ70KXBLw_DQRZwSsztlszXGiAqI65FBa612_9-Gr7Ddjtc_BR_izJo8OpaiNd3Fa9RX1jMQHNK2j5LPCL9alJpQrJRWoV48AYgxah9lm8U_xrfLPwdo0ikx2', '771231233', NULL, '2017-04-10 16:34:15', '2017-04-10 16:34:15'),
(62, 'Mohmed', 'Ahmed', 52, 'App\\Customer', 'taxi-771231233@TaxiCustomer.com', '$2y$10$2hEmwDdnfJ446icWAyidBOALIgcb4789QjmEQUNb7QXWb0qPG8GLO', 1, '31a04ad22aa33eca', 'dIloEvPVoqk:APA91bE17_NyLRf-lCXcJ70KXBLw_DQRZwSsztlszXGiAqI65FBa612_9-Gr7Ddjtc_BR_izJo8OpaiNd3Fa9RX1jMQHNK2j5LPCL9alJpQrJRWoV48AYgxah9lm8U_xrfLPwdo0ikx2', '771231233', NULL, '2017-04-10 16:39:10', '2017-04-10 16:39:10'),
(63, 'Mohmed', 'Ahmed', 53, 'App\\Customer', 'taxi-771231233@TaxiCustomer.com', '$2y$10$9IVpaUHLHquB83NuLf2xpua8Y2LO3/AqtubWY5jrUVS2SVcjpnee6', 1, '31a04ad22aa33eca', 'dIloEvPVoqk:APA91bE17_NyLRf-lCXcJ70KXBLw_DQRZwSsztlszXGiAqI65FBa612_9-Gr7Ddjtc_BR_izJo8OpaiNd3Fa9RX1jMQHNK2j5LPCL9alJpQrJRWoV48AYgxah9lm8U_xrfLPwdo0ikx2', '771231233', NULL, '2017-04-10 16:49:07', '2017-04-10 16:49:07'),
(64, 'Mohmed', 'Ahmed', 54, 'App\\Customer', 'taxi-771231233@TaxiCustomer.com', '$2y$10$dh4wLogfNNYbWy0hMhGXKeQ52uvpJ7Pijj1wHkqgah/HQjJNAWLfy', 1, '31a04ad22aa33eca', 'dIloEvPVoqk:APA91bE17_NyLRf-lCXcJ70KXBLw_DQRZwSsztlszXGiAqI65FBa612_9-Gr7Ddjtc_BR_izJo8OpaiNd3Fa9RX1jMQHNK2j5LPCL9alJpQrJRWoV48AYgxah9lm8U_xrfLPwdo0ikx2', '771231233', NULL, '2017-04-10 16:54:50', '2017-04-10 16:54:50'),
(65, 'Mohmed', 'Ahmed', 55, 'App\\Customer', 'taxi-771231233@TaxiCustomer.com', '$2y$10$IdL4MUjcjkgxEA91chGoZuir133TqiVKWeBV5spt2zOQe0Zq06MZS', 1, '31a04ad22aa33eca', 'dIloEvPVoqk:APA91bE17_NyLRf-lCXcJ70KXBLw_DQRZwSsztlszXGiAqI65FBa612_9-Gr7Ddjtc_BR_izJo8OpaiNd3Fa9RX1jMQHNK2j5LPCL9alJpQrJRWoV48AYgxah9lm8U_xrfLPwdo0ikx2', '771231233', NULL, '2017-04-10 17:02:41', '2017-04-10 17:02:41'),
(66, 'Mohmed', 'Ahmed', 56, 'App\\Customer', 'taxi-771231233@TaxiCustomer.com', '$2y$10$/f6g5VUX.CM6wq2fHB52DuaiFm2CT3jJtA65lLF3uDDT9Z.DaoUii', 1, '31a04ad22aa33eca', 'dIloEvPVoqk:APA91bE17_NyLRf-lCXcJ70KXBLw_DQRZwSsztlszXGiAqI65FBa612_9-Gr7Ddjtc_BR_izJo8OpaiNd3Fa9RX1jMQHNK2j5LPCL9alJpQrJRWoV48AYgxah9lm8U_xrfLPwdo0ikx2', '771231233', NULL, '2017-04-10 17:04:24', '2017-04-10 17:04:24'),
(67, 'Mohmed', 'Ahmed', 57, 'App\\Customer', 'taxi-771231233@TaxiCustomer.com', '$2y$10$vWTNjYOsbl7xbODZ6q3a1OtFLP28Mxlgz2rZN1a3S9D9ZCj6EqTmu', 1, '31a04ad22aa33eca', 'dIloEvPVoqk:APA91bE17_NyLRf-lCXcJ70KXBLw_DQRZwSsztlszXGiAqI65FBa612_9-Gr7Ddjtc_BR_izJo8OpaiNd3Fa9RX1jMQHNK2j5LPCL9alJpQrJRWoV48AYgxah9lm8U_xrfLPwdo0ikx2', '771231233', NULL, '2017-04-10 17:12:56', '2017-04-10 17:12:56'),
(68, 'Mohmed', 'Ahmed', 58, 'App\\Customer', 'taxi-771231233@TaxiCustomer.com', '$2y$10$olxnwqgXrkh1bvS5GoPdZejzH9.j1MnGJtItG5fWEnUwfqBIp7HFi', 1, '31a04ad22aa33eca', 'dIloEvPVoqk:APA91bE17_NyLRf-lCXcJ70KXBLw_DQRZwSsztlszXGiAqI65FBa612_9-Gr7Ddjtc_BR_izJo8OpaiNd3Fa9RX1jMQHNK2j5LPCL9alJpQrJRWoV48AYgxah9lm8U_xrfLPwdo0ikx2', '771231233', NULL, '2017-04-10 18:14:51', '2017-04-10 18:14:51'),
(69, 'محمد', 'عبد الختلق', 11, 'App\\Driver', 'taxi-772077551@TaxiCustomer.com', '$2y$10$KZS/h159THfPf8J9LAbxO.y2P2uuFSBc/veBzm1aq9lMsvQVAvv0i', 1, '31a04ad22aa33eca', '12332123123123123', '772077551', NULL, '2017-04-10 18:18:19', '2017-04-10 18:18:19'),
(70, 'Mohmed', 'Ahmed', 59, 'App\\Customer', 'taxi-771231233@TaxiCustomer.com', '$2y$10$CGFvDxs4as4QDcbhLnq6pOE5M7/TNqT6eLqfWIG7lx/jRhkAEGygG', 1, '31a04ad22aa33eca', 'dIloEvPVoqk:APA91bE17_NyLRf-lCXcJ70KXBLw_DQRZwSsztlszXGiAqI65FBa612_9-Gr7Ddjtc_BR_izJo8OpaiNd3Fa9RX1jMQHNK2j5LPCL9alJpQrJRWoV48AYgxah9lm8U_xrfLPwdo0ikx2', '771231233', NULL, '2017-04-10 19:11:48', '2017-04-10 19:11:48'),
(71, 'Mohmed', 'Ahmed', 60, 'App\\Customer', 'taxi-771231233@TaxiCustomer.com', '$2y$10$3XYs3bfSQ7Rd/KZwhXu1Ie9qrCpesneJqSj0kBzxppYcgVdH3iMx.', 1, '31a04ad22aa33eca', 'dIloEvPVoqk:APA91bE17_NyLRf-lCXcJ70KXBLw_DQRZwSsztlszXGiAqI65FBa612_9-Gr7Ddjtc_BR_izJo8OpaiNd3Fa9RX1jMQHNK2j5LPCL9alJpQrJRWoV48AYgxah9lm8U_xrfLPwdo0ikx2', '771231233', NULL, '2017-04-10 19:44:41', '2017-04-10 19:44:41'),
(72, 'لسللس', 'لسلس', 61, 'App\\Customer', 'taxi-67545@TaxiCustomer.com', '$2y$10$gk7xMvzoMG/84tfzSrNTfeJ6OQ4vV5rjbZ4ae.pdrWntza/wEiwQq', 1, '292cd3909c233972', 'cwc7PM8JnRM:APA91bH7Xe15schlokjOHtRdESl4ZdChaKevqZxSy0rM_9kIxwCSpuz4jWS90i8rMdU26xY2-5C0cBCo8U7rz96wgKykDPTTsuF148iQqfrEO53cbp1uM9wN7SIiVyP1gQ8rAsyzKkNE', '67545', NULL, '2017-04-10 19:53:25', '2017-04-10 19:53:25');
